query_id	update_id	nugget_id	match_start	match_end	auto_p
1	1329927000-90f3b3331a1cf662c06f5169d0f5f14e-0	VMTS13.01.050	0	20	0
1	1329927000-90f3b3331a1cf662c06f5169d0f5f14e-0	VMTS13.01.055	22	39	0
1	1329927000-90f3b3331a1cf662c06f5169d0f5f14e-0	VMTS13.01.056	41	49	0
1	1329927025-698a2d1c7a8266e2b54fdca3f2fcb012-0	VMTS13.01.050	29	57	0
1	1329927025-698a2d1c7a8266e2b54fdca3f2fcb012-0	VMTS13.01.077	14	24	0
1	1329927025-698a2d1c7a8266e2b54fdca3f2fcb012-0	VMTS13.01.078	0	8	0
1	1329927360-5f2fa9b024f75931c4f4b9f1e6037304-0	VMTS13.01.050	29	52	0
1	1329927360-5f2fa9b024f75931c4f4b9f1e6037304-0	VMTS13.01.052	9	24	0
1	1329927360-5f2fa9b024f75931c4f4b9f1e6037304-0	VMTS13.01.078	0	7	0
1	1329927900-93637691bf7e999eb4891705bc47fc3c-0	VMTS13.01.050	29	49	0
1	1329927900-93637691bf7e999eb4891705bc47fc3c-0	VMTS13.01.052	9	24	0
1	1329927900-93637691bf7e999eb4891705bc47fc3c-0	VMTS13.01.078	0	7	0
1	1329928620-9d7188597427a89f961e1341a4e9d0f3-0	VMTS13.01.050	20	43	0
1	1329928620-9d7188597427a89f961e1341a4e9d0f3-0	VMTS13.01.052	0	15	0
1	1329930900-0cb1e9b0a678e94b93b78abbacf4ea2d-0	VMTS13.01.050	27	47	0
1	1329930900-0cb1e9b0a678e94b93b78abbacf4ea2d-0	VMTS13.01.052	7	22	0
1	1329934200-5a6a90be5a7a6165accd2e64b7bd075d-1	VMTS13.01.052	142	158	0
1	1329934200-5a6a90be5a7a6165accd2e64b7bd075d-1	VMTS13.01.058	49	91	0
1	1329934200-5a6a90be5a7a6165accd2e64b7bd075d-1	VMTS13.01.060	163	207	0
1	1329934200-5a6a90be5a7a6165accd2e64b7bd075d-1	VMTS13.01.062	49	106	0
1	1329934200-5a6a90be5a7a6165accd2e64b7bd075d-1	VMTS13.01.078	120	136	0
1	1329948840-477f081e3d11f5d474d029efc25b6184-0	VMTS13.01.052	13	28	0
1	1329948840-477f081e3d11f5d474d029efc25b6184-0	VMTS13.01.055	0	11	0
1	1329952800-f06a6dfa52e83e11e1ff703ebafcab08-3	VMTS13.01.050	0	116	0
1	1329952800-f06a6dfa52e83e11e1ff703ebafcab08-3	VMTS13.01.058	87	116	0
1	1329952800-f06a6dfa52e83e11e1ff703ebafcab08-3	VMTS13.01.060	87	131	0
1	1329952800-f06a6dfa52e83e11e1ff703ebafcab08-3	VMTS13.01.077	163	173	0
1	1329952800-f06a6dfa52e83e11e1ff703ebafcab08-3	VMTS13.01.078	137	161	0
1	1329961680-4609d52d8fd3d6a4d17e2500a87f93d5-4	VMTS13.01.050	117	141	0
1	1329961680-4609d52d8fd3d6a4d17e2500a87f93d5-4	VMTS13.01.077	100	110	0
1	1329961680-4609d52d8fd3d6a4d17e2500a87f93d5-4	VMTS13.01.078	12	27	0
1	1329992607-f713fa6ccc588b70e582b70685c227da-5	VMTS13.01.050	70	161	0
1	1329992607-f713fa6ccc588b70e582b70685c227da-5	VMTS13.01.060	174	214	0
1	1329992607-f713fa6ccc588b70e582b70685c227da-5	VMTS13.01.065	100	126	0
1	1330149600-82ccd84157cef331f259d9b26b39d637-0	VMTS13.01.080	0	33	0
2	1347369090-ee1f636003b99f2e16f36fab3e6db387-0	VMTS13.02.060	0	23	0
2	1347369090-ee1f636003b99f2e16f36fab3e6db387-0	VMTS13.02.065	46	57	0
2	1347372817-676d9f2066e6e9f82ef854972d91d2c5-3	VMTS13.02.060	95	111	0
2	1347372817-676d9f2066e6e9f82ef854972d91d2c5-3	VMTS13.02.065	59	70	0
2	1347374585-03ed23cefb23e4441ffbe7fc40786b57-0	VMTS13.02.060	0	28	0
2	1347375751-396a456fc43b4ea9ac9db0cc57c9bce1-0	VMTS13.02.060	30	44	0
2	1347375751-396a456fc43b4ea9ac9db0cc57c9bce1-0	VMTS13.02.065	0	11	0
2	1347378188-7a68f5015d5a781a36ab4e63b9473d44-0	VMTS13.02.060	0	28	0
2	1347379151-cdb91df1a143179ca62e3e3a188d5fe6-18	VMTS13.02.054	0	53	0
2	1347379151-cdb91df1a143179ca62e3e3a188d5fe6-18	VMTS13.02.060	136	159	0
2	1347379151-cdb91df1a143179ca62e3e3a188d5fe6-18	VMTS13.02.065	122	134	0
2	1347379151-cdb91df1a143179ca62e3e3a188d5fe6-18	VMTS13.02.073	74	134	0
2	1347381147-ea54cadef35e744ee6a8b123c5396b31-3	VMTS13.02.054	0	53	0
2	1347381147-ea54cadef35e744ee6a8b123c5396b31-3	VMTS13.02.060	129	152	0
2	1347381147-ea54cadef35e744ee6a8b123c5396b31-3	VMTS13.02.065	115	127	0
2	1347381147-ea54cadef35e744ee6a8b123c5396b31-3	VMTS13.02.073	66	127	0
2	1347383515-5cdc063d1512a1d07a9ff882fdffa11b-17	VMTS13.02.057	93	112	0
2	1347392230-cf91637631ff86292cf46771dd16ff5b-16	VMTS13.02.054	51	114	0
2	1347392230-cf91637631ff86292cf46771dd16ff5b-16	VMTS13.02.057	93	114	0
2	1347420821-1434821461fa6a7b9fa03a887a41c607-0	VMTS13.02.058	0	40	0
2	1347422606-ee26be6c01babfcfe9760d98e3e008a1-0	VMTS13.02.058	0	39	0
2	1347440824-8e00613d13d050a24eae1592842a00f6-0	VMTS13.02.056	16	22	0
2	1347440824-8e00613d13d050a24eae1592842a00f6-0	VMTS13.02.067	0	48	0
2	1347442298-eb5e3b20f27f0191c9093fb703955584-0	VMTS13.02.059	0	31	0
2	1347442331-ec02aae12724c33b3ff7dd16aa73e98a-0	VMTS13.02.056	0	6	0
2	1347442331-ec02aae12724c33b3ff7dd16aa73e98a-0	VMTS13.02.059	21	43	0
2	1347456707-99bb30a04d8d38b77d4efd014633eaad-0	VMTS13.02.059	29	47	0
2	1347540943-fd9ba2b03de00b1e711412830e40d577-0	VMTS13.02.059	76	90	0
2	1347540943-fd9ba2b03de00b1e711412830e40d577-0	VMTS13.02.147	0	68	0
2	1347544150-881366c79f542d5513b2fc7c9238558e-0	VMTS13.02.147	0	43	0
2	1347546266-95be1f97f375afc5b8f439e106ce8ede-0	VMTS13.02.147	0	43	0
2	1347587852-d6ddb4849127fba8ba8f5fbc18dbdd04-18	VMTS13.02.054	37	111	0
2	1347587852-d6ddb4849127fba8ba8f5fbc18dbdd04-18	VMTS13.02.063	51	70	0
2	1347587852-d6ddb4849127fba8ba8f5fbc18dbdd04-20	VMTS13.02.056	72	92	0
2	1347614566-cc5bfa6ec1ba279421c9a2fa83929b69-0	VMTS13.02.148	0	47	0
2	1347615247-fd72a1b9b38c4728e13f7db090afcac0-0	VMTS13.02.148	0	40	0
2	1347619431-bb419f12c403ffe3301ae61e1b7e4575-15	VMTS13.02.054	46	111	0
2	1347619431-bb419f12c403ffe3301ae61e1b7e4575-15	VMTS13.02.056	72	92	0
3	1342770887-03b2be59db2f3859fc88228150852d94-0	VMTS13.04.055	0	42	0
3	1342770887-03b2be59db2f3859fc88228150852d94-15	VMTS13.04.055	0	137	0
3	1342770887-03b2be59db2f3859fc88228150852d94-16	VMTS13.04.055	0	94	0
3	1342770893-e02114a2115d01b7233452012daedc3d-0	VMTS13.04.055	0	38	0
3	1342771177-6b6c5b4f2b264c98504a0cab0fbfd22a-0	VMTS13.04.055	0	38	0
3	1342772930-37372cf59356beb78c57c5e8972f76b4-0	VMTS13.04.052	8	49	0
3	1342772930-37372cf59356beb78c57c5e8972f76b4-6	VMTS13.04.055	0	135	0
3	1342773452-37372cf59356beb78c57c5e8972f76b4-0	VMTS13.04.060	0	44	0
3	1342773872-3b4eafcf889bdd81bdf6d8ae5df490cc-0	VMTS13.04.052	0	71	0
3	1342773872-3b4eafcf889bdd81bdf6d8ae5df490cc-4	VMTS13.04.052	53	158	0
3	1342774471-c747ff51b012d4d135c408bbfc2ce022-0	VMTS13.04.052	0	43	0
3	1342774491-9f86b5cbe0f096f4e623e6c7698d3766-0	VMTS13.04.052	0	53	0
3	1342774491-9f86b5cbe0f096f4e623e6c7698d3766-0	VMTS13.04.060	0	53	0
3	1342774675-90800c7d79bd2f42c110bf740d8fc511-0	VMTS13.04.060	0	53	0
3	1342774974-c29ae3279015f0e0b3101ba613b963f4-0	VMTS13.04.052	0	43	0
3	1342776064-84935d1dbf3358767f5ff045c717bea3-0	VMTS13.04.052	0	92	0
3	1342776064-84935d1dbf3358767f5ff045c717bea3-0	VMTS13.04.054	29	92	0
3	1342776064-84935d1dbf3358767f5ff045c717bea3-0	VMTS13.04.060	0	27	0
3	1342778540-018192696cbc25fcf2f912d691287473-0	VMTS13.04.052	0	49	0
3	1342778540-018192696cbc25fcf2f912d691287473-0	VMTS13.04.054	22	81	0
3	1342778540-018192696cbc25fcf2f912d691287473-0	VMTS13.04.060	0	17	0
3	1342781512-442b3c3025fa499ddfa8551da9b83e92-6	VMTS13.04.082	8	118	0
3	1342781704-fc3769ba201eacae0ad53c236880133a-1	VMTS13.04.052	38	204	0
3	1342781704-fc3769ba201eacae0ad53c236880133a-1	VMTS13.04.138	127	247	0
3	1342781900-e1181006b65958ba38ecf4fea2ed0fd2-0	VMTS13.04.082	0	77	0
3	1342782264-0ac132caf6343aeb0d5498d351465e87-13	VMTS13.04.082	119	162	0
3	1342782439-556777a5698db5afd38a4f92d2f027ff-2	VMTS13.04.082	2	103	0
3	1342782938-38ca8e5d7e0f8950b702098f647ea1c5-3	VMTS13.04.082	0	100	0
3	1342783004-e21e84b45f96f58a8c5ce718a7391b6e-45	VMTS13.04.082	2	100	0
3	1342783271-e55018d71b5d5d552ebbf02c08176f40-0	VMTS13.04.060	0	18	0
3	1342783487-2a45167f82e0fb60cdee44886c5a8f71-31	VMTS13.04.052	32	160	0
3	1342783487-2a45167f82e0fb60cdee44886c5a8f71-31	VMTS13.04.060	63	100	0
3	1342784160-68800b8c6009da7af0cb641ce1beadc9-13	VMTS13.04.052	0	147	0
3	1342784160-68800b8c6009da7af0cb641ce1beadc9-13	VMTS13.04.060	0	44	0
3	1342785125-42829d01ae94f4712b8edaf45961e16e-39	VMTS13.04.154	0	101	0
3	1342785327-35cf086b7054c6f50ec391adbfa6777d-13	VMTS13.04.080	7	123	0
3	1342785337-ff812093fa6e5ba23b4476c640833b9a-0	VMTS13.04.080	0	93	0
3	1342785337-ff812093fa6e5ba23b4476c640833b9a-6	VMTS13.04.080	7	101	0
3	1342785863-a8ac41d14d2f64a06f9d1b899ee01ad9-17	VMTS13.04.154	0	101	0
3	1342786236-0a3f7b415edcb118217751f3057a878d-17	VMTS13.04.154	0	101	0
3	1342789854-01f7d910099ee93bcc8e619ab847e935-10	VMTS13.04.052	0	200	0
3	1342789854-3fdea479f6a49a3ba3a544f94ce8f2c3-0	VMTS13.04.080	0	100	0
3	1342790783-4415b8bed61e973ba9b7f22cf8f05f52-0	VMTS13.04.108	0	61	0
3	1342790849-677b6b7ef6e6df550c530b91b27d1abf-0	VMTS13.04.086	0	93	0
3	1342790849-677b6b7ef6e6df550c530b91b27d1abf-2	VMTS13.04.086	18	166	0
3	1342791592-d694729205046faac4089b8878239f5f-20	VMTS13.04.099	0	276	0
3	1342791856-552cac9236acc673bcb0958e5dd8c517-3	VMTS13.04.107	0	118	0
3	1342793543-34405669a262ca591d0bcdb1f5ab2159-0	VMTS13.04.080	0	63	0
3	1342796787-94980976a6ee65e8745489f0e6fc5ac6-0	VMTS13.04.162	0	56	0
3	1342796909-9d1bed083b3ee650490cb98029bb8041-20	VMTS13.04.156	19	67	0
3	1342797562-dfb3f6fe7244bc1b8d03af46cce967b1-0	VMTS13.04.162	0	41	0
3	1342797714-1338aa3e83cfc1421534713cdf84e169-13	VMTS13.04.133	7	133	0
3	1342797724-76c41ba8ba2123458cbe7eab6d5b23b0-12	VMTS13.04.080	82	128	0
3	1342797724-76c41ba8ba2123458cbe7eab6d5b23b0-12	VMTS13.04.108	0	33	0
3	1342797724-76c41ba8ba2123458cbe7eab6d5b23b0-8	VMTS13.04.150	27	153	0
3	1342797750-be10d984844e081d730c08e4368da83d-8	VMTS13.04.086	240	376	0
3	1342797882-812c570e1e7d517bb67cd20a027095a1-7	VMTS13.04.080	82	128	0
3	1342797882-812c570e1e7d517bb67cd20a027095a1-7	VMTS13.04.108	0	33	0
3	1342797924-71aecbd76a4488977572a72f726c6a7f-0	VMTS13.04.162	0	66	0
3	1342797955-fdfe4f95342fd145c81ba592468d33b3-32	VMTS13.04.115	48	124	0
3	1342797955-fdfe4f95342fd145c81ba592468d33b3-33	VMTS13.04.115	55	131	0
3	1342798164-6af320caeb2d14fa78f7a334336e21d6-0	VMTS13.04.133	0	90	0
3	1342798494-68800b8c6009da7af0cb641ce1beadc9-93	VMTS13.04.107	0	212	0
3	1342798682-9da7907820b5e21eacd98f397e931465-0	VMTS13.04.150	0	53	0
3	1342798698-9a71772452d40f5e82a60e5089f47fc2-0	VMTS13.04.150	0	49	0
3	1342798698-9a71772452d40f5e82a60e5089f47fc2-10	VMTS13.04.150	31	157	0
3	1342800124-b6fbacefc9377ddcbef54907181b95c5-0	VMTS13.04.150	0	49	0
3	1342800124-b6fbacefc9377ddcbef54907181b95c5-14	VMTS13.04.150	64	190	0
3	1342800493-bb3ee5f74000af9c1bef4acc42beeb0b-2	VMTS13.04.138	115	172	0
3	1342801607-cc83aa50cf2e77e8bf63cd22be5ca059-54	VMTS13.04.127	0	238	0
3	1342801607-cc83aa50cf2e77e8bf63cd22be5ca059-54	VMTS13.04.147	0	238	0
3	1342801607-cc83aa50cf2e77e8bf63cd22be5ca059-58	VMTS13.04.127	0	216	0
3	1342801607-cc83aa50cf2e77e8bf63cd22be5ca059-58	VMTS13.04.147	0	216	0
3	1342802889-e40428daf852c6315bfaff652beef7e7-0	VMTS13.04.086	0	46	0
3	1342803166-7408393863b397aaf44c3d72dda76b77-18	VMTS13.04.080	62	80	0
3	1342806283-850269b5dd162cc6b43426e2b0791bc2-0	VMTS13.04.108	0	94	0
3	1342812295-d986bd390a4b684b2ebcb25ea2893102-0	VMTS13.04.086	0	44	0
3	1342812778-f07fb903c6d6fad97fa841df0e90ed52-22	VMTS13.04.104	0	91	0
3	1342812778-f07fb903c6d6fad97fa841df0e90ed52-22	VMTS13.04.137	0	68	0
3	1342814254-161fb1a20f16df82c044f79e5420f9e6-7	VMTS13.04.150	0	92	0
3	1342815823-9e31b0612ca8f69e6300e872c22238ba-0	VMTS13.04.158	0	45	0
3	1342816062-36a1d3f0bbd5f8fcee77ef388497bc0c-5	VMTS13.04.070	28	71	0
3	1342816062-36a1d3f0bbd5f8fcee77ef388497bc0c-5	VMTS13.04.137	73	193	0
3	1342816224-e98ee1bb0c101b3d92ff9a57b187a443-8	VMTS13.04.150	0	92	0
3	1342816725-28324d1f36e3f779c2e11878b4b790e7-9	VMTS13.04.107	0	120	0
3	1342816789-b1ec1de3c7a16982bee5589a5768deb5-69	VMTS13.04.152	14	202	0
3	1342816984-c74055e91d18bacd05d330b89fcc03a4-0	VMTS13.04.141	0	65	0
3	1342817032-dbd60b2014c2206cfc3d432ae169fa8a-6	VMTS13.04.052	96	221	0
3	1342817032-dbd60b2014c2206cfc3d432ae169fa8a-6	VMTS13.04.080	160	180	0
3	1342818070-6afe5e35d2f325fb63119f1e03825203-0	VMTS13.04.141	0	65	0
3	1342818073-636f6161b96c5297dd9ea51514e8906c-12	VMTS13.04.068	141	225	0
3	1342818073-636f6161b96c5297dd9ea51514e8906c-17	VMTS13.04.108	46	143	0
3	1342818073-636f6161b96c5297dd9ea51514e8906c-17	VMTS13.04.137	58	244	0
3	1342818073-636f6161b96c5297dd9ea51514e8906c-55	VMTS13.04.137	0	88	0
3	1342818225-3fe1c982b898e3a39f254b4410129666-47	VMTS13.04.137	0	88	0
3	1342823485-8eb77056c99a2532f76b14717754045b-8	VMTS13.04.137	46	244	0
3	1342825206-f28fb24d8fd1173d69ea1ec5284d2226-21	VMTS13.04.068	0	105	0
3	1342825888-505c3cedcc1fd41785c3a67d0833944b-0	VMTS13.04.108	0	33	0
3	1342826222-3d9c784351df79653f00255c44d096da-0	VMTS13.04.144	0	75	0
3	1342826882-b186981f68662362899281a770e118fb-0	VMTS13.04.155	0	52	0
3	1342827312-64adf61e419cae3b050f0b6da5424dd7-0	VMTS13.04.155	0	54	0
3	1342828106-737edbbb66ef2ea348172286a85df23b-17	VMTS13.04.113	0	146	0
3	1342832518-947e25c8f81f3710e87bc67978dc1770-41	VMTS13.04.152	0	174	0
3	1342833840-41e032a9abb97e60f3ccf42806bb45d7-0	VMTS13.04.114	0	61	0
3	1342833840-41e032a9abb97e60f3ccf42806bb45d7-5	VMTS13.04.114	82	236	0
3	1342840325-6a18c050057b86f494047e211a16e9fe-13	VMTS13.04.158	0	167	0
3	1342842326-fd572083cf7e7827554234f6e5f174ee-0	VMTS13.04.153	0	75	0
3	1342856656-6a0ea360db72bdee26c34b48d1f1c7fa-25	VMTS13.04.055	59	177	0
3	1342857769-14518dfbbc235cd635ce1615e745e4e0-6	VMTS13.04.055	149	233	0
3	1342859143-1fa7d6cb7a23c867a70357db6515c8c1-2	VMTS13.04.055	0	209	0
3	1342863980-f5d010bb68aec3eb6e6b3c2d115deec5-0	VMTS13.04.162	0	84	0
3	1342867461-936d0b7d71d66bd01119cfd58e88cfcb-0	VMTS13.04.069	0	57	0
3	1342876445-9a28e3beee4ae63be82093ded4c7de8b-0	VMTS13.04.069	0	61	0
3	1342876449-fe9a9870ed6af43940f3dbaca6242a12-7	VMTS13.04.108	44	63	0
3	1342876449-fe9a9870ed6af43940f3dbaca6242a12-7	VMTS13.04.119	52	80	0
3	1342879016-fcbfa00bdccb9c9f1ce20c5370e49544-0	VMTS13.04.069	30	86	0
3	1342879263-dcbec1d33612238d8d8ef243b9baedee-6	VMTS13.04.069	37	93	0
3	1342879815-ea62695053e5ad92df146b52f173a23a-12	VMTS13.04.108	37	118	0
3	1342881360-e481e50e9f10f3bd6029c832617c9e20-14	VMTS13.04.080	190	206	0
3	1342881360-e481e50e9f10f3bd6029c832617c9e20-14	VMTS13.04.102	128	151	0
3	1342881360-e481e50e9f10f3bd6029c832617c9e20-14	VMTS13.04.162	14	168	0
3	1342882866-d41c8745ac34c4b6f68197b77c92e50a-6	VMTS13.04.069	44	95	0
3	1342886238-e26384fe330f1851a9decfd6777a7209-0	VMTS13.04.069	46	87	0
3	1342890683-32e7956db2e345b9c115726e3494b5dd-0	VMTS13.04.162	30	110	0
3	1342892127-968ee076f85770570e5f5735fa33094d-12	VMTS13.04.068	0	99	0
3	1342892127-968ee076f85770570e5f5735fa33094d-12	VMTS13.04.069	103	146	0
3	1342892127-968ee076f85770570e5f5735fa33094d-12	VMTS13.04.080	236	276	0
3	1342892127-968ee076f85770570e5f5735fa33094d-12	VMTS13.04.102	153	194	0
3	1342893472-590a124716486803585b96a5c05488b5-0	VMTS13.04.069	0	59	0
3	1342904714-59602bd01928b9534e4b0e05ac0106a7-4	VMTS13.04.187	78	188	0
3	1342906332-b77fc3839a527234393b7aecdb13914e-6	VMTS13.04.165	8	102	0
3	1342906513-3e96a6593f2f71b7c3f2864eeb155870-0	VMTS13.04.165	0	93	0
3	1342907632-e51be7a926cf58c1317cf29c796c02de-0	VMTS13.04.174	0	51	0
3	1342907680-b3200645a12c74041b71cf3bc4ad0b1e-0	VMTS13.04.174	0	51	0
3	1342907916-832372a70cc97a97bdd3bca7f3412608-0	VMTS13.04.165	0	93	0
3	1342909198-524d0eee82dbdd99ae7eef6fba7d04c3-18	VMTS13.04.072	0	151	0
3	1342910517-676dec81e530367c42cb2dbcc0865109-0	VMTS13.04.165	0	63	0
3	1342911928-1f247dc7d4d3352201911ca5e4086610-6	VMTS13.04.150	0	60	0
3	1342916486-4f4fb82e92a8479704e2de1f10cb00fe-28	VMTS13.04.072	0	151	0
3	1342917016-a0d5be006ae323ab08b38a4e11a5f792-28	VMTS13.04.072	0	151	0
3	1342917271-3b2520e8e1c7b9bc8277cb6c5ed47cbf-34	VMTS13.04.072	50	203	0
3	1342918393-2c063a042cca33f1202721d9a9b431a7-0	VMTS13.04.163	0	70	0
3	1342918470-a0db3fa081d501d5417108b3fec6419b-0	VMTS13.04.163	0	70	0
3	1342918740-702c6f0c8db489a41b4291222ed75bf6-0	VMTS13.04.172	0	87	0
3	1342919302-bc3561933f5c5effd57bc153849d98e2-6	VMTS13.04.150	155	190	0
3	1342919302-bc3561933f5c5effd57bc153849d98e2-6	VMTS13.04.165	0	149	0
3	1342920091-5c4fa12dfed47ed4e6821dbffe4e07f2-13	VMTS13.04.172	64	191	0
3	1342920515-630b6caa617bee4591f41b137b4dda0b-0	VMTS13.04.172	13	87	0
3	1342920728-ecbfb8a5f66457c4a3a58edc75d95f5a-10	VMTS13.04.172	0	127	0
3	1342921029-f8e13afd00843555f3797493ba812f0f-11	VMTS13.04.150	152	187	0
3	1342921029-f8e13afd00843555f3797493ba812f0f-11	VMTS13.04.165	0	187	0
3	1342921270-751b2203643a04aacbbdbce866827c15-60	VMTS13.04.159	20	59	0
3	1342921899-24f64ba9a585672fe04e2b0061058261-31	VMTS13.04.172	0	114	0
3	1342923507-8a6fe08950cbd913a38a3a67f8294344-19	VMTS13.04.172	0	171	0
3	1342924268-7268749ff57ec84bcab891e909341d1a-30	VMTS13.04.172	0	81	0
3	1342929221-91263ad92d2e47482c596cc3bede9c2f-22	VMTS13.04.172	0	114	0
3	1342941811-2e71a0e8861567f13c080636a7ca8040-0	VMTS13.04.162	0	48	0
3	1342954207-c4a14463155f231c27fbbec9520ad0d4-25	VMTS13.04.072	0	153	0
3	1342963264-fa401dc464f75b991916e25f19c2bfc4-0	VMTS13.04.172	0	53	0
3	1342967741-bed5645c3a72edbc83e5bceb57e75626-5	VMTS13.04.179	27	187	0
3	1342968217-4540e4400bc835b66d400ec6adf2cd48-0	VMTS13.04.179	0	89	0
3	1342973294-5e33cd0b55964aa50e73696036daae89-0	VMTS13.04.172	0	61	0
3	1342973331-770b88be88e7d930e8853a602f3257d1-125	VMTS13.04.069	163	238	0
3	1342973331-770b88be88e7d930e8853a602f3257d1-125	VMTS13.04.108	67	95	0
3	1342973331-770b88be88e7d930e8853a602f3257d1-125	VMTS13.04.137	8	135	0
3	1342973331-770b88be88e7d930e8853a602f3257d1-189	VMTS13.04.137	52	179	0
3	1342974246-b853fc8ede7c1ac1e12c6b4090444621-3	VMTS13.04.179	0	162	0
3	1342975126-a54439f1c4f23178583765d61e71f186-11	VMTS13.04.163	21	209	0
3	1342975197-d2be0502bbc1ee1185072c4ce2be1d3b-3	VMTS13.04.080	205	247	0
3	1342975197-d2be0502bbc1ee1185072c4ce2be1d3b-3	VMTS13.04.172	37	105	0
3	1342975309-f498845d519de1c4a6aacf71ba13772e-129	VMTS13.04.069	163	238	0
3	1342975309-f498845d519de1c4a6aacf71ba13772e-129	VMTS13.04.108	67	95	0
3	1342975309-f498845d519de1c4a6aacf71ba13772e-129	VMTS13.04.137	8	135	0
3	1342978186-4b3d68503ec69465183471ed2a85eb5f-0	VMTS13.04.163	0	59	0
3	1342978186-4b3d68503ec69465183471ed2a85eb5f-5	VMTS13.04.163	8	196	0
3	1342978372-b691cb8abf45526603ce074d0271351a-4	VMTS13.04.080	156	182	0
3	1342978372-b691cb8abf45526603ce074d0271351a-4	VMTS13.04.138	79	241	0
3	1342979671-95fbc7f797b594e41c5ee4c8e5ebbcf2-1	VMTS13.04.114	82	103	0
3	1342979671-95fbc7f797b594e41c5ee4c8e5ebbcf2-1	VMTS13.04.138	105	162	0
3	1342981859-eb36e9da67d3b6b595f11a7111bc6f78-32	VMTS13.04.172	92	222	0
3	1342982366-e713566cfdaa55483540dae627f8be4e-37	VMTS13.04.080	212	255	0
3	1342982366-e713566cfdaa55483540dae627f8be4e-37	VMTS13.04.172	31	124	0
3	1342982987-fde2ef59abebe3e33e682e4edc0c4afb-57	VMTS13.04.165	0	217	0
3	1342983013-95fbc7f797b594e41c5ee4c8e5ebbcf2-1	VMTS13.04.080	77	103	0
3	1342983013-95fbc7f797b594e41c5ee4c8e5ebbcf2-1	VMTS13.04.138	0	162	0
3	1342983491-f50348ccd8a77a0cef34b1215eb3fa57-0	VMTS13.04.178	0	44	0
3	1342983491-f50348ccd8a77a0cef34b1215eb3fa57-143	VMTS13.04.178	8	178	0
3	1342986020-fe571a3818059ee52cca4e5790b7873f-89	VMTS13.04.178	46	216	0
3	1342986020-fe571a3818059ee52cca4e5790b7873f-90	VMTS13.04.178	30	200	0
3	1342993046-acd73d90acb8537a84db1e99f8b96d08-5	VMTS13.04.129	0	162	0
3	1342994622-1fe046998c1cc0be02d408fbf5febb4d-0	VMTS13.04.172	0	91	0
3	1343000709-3ef30643de87b00351b26367595a59d8-0	VMTS13.04.172	0	43	0
3	1343000709-3ef30643de87b00351b26367595a59d8-40	VMTS13.04.172	20	216	0
3	1343001621-c1e101c717a84cdc5034e5682e51bc4d-6	VMTS13.04.172	20	216	0
3	1343002220-e58145aa71d5c9951940693da6483cfa-5	VMTS13.04.129	82	189	0
3	1343003060-9b30c3ea10d3e4ed43dbdb10179bb6b2-15	VMTS13.04.116	0	142	0
3	1343008766-8583cb9e99b5bb63a573758d6df2c54b-18	VMTS13.04.116	18	160	0
3	1343009160-62ffa25430a971f71898d199c02161a6-21	VMTS13.04.116	18	160	0
3	1343009504-9824c9f5bf67784e6a791415647f9eeb-1	VMTS13.04.080	168	210	0
3	1343009504-9824c9f5bf67784e6a791415647f9eeb-1	VMTS13.04.172	0	68	0
3	1343009504-9824c9f5bf67784e6a791415647f9eeb-3	VMTS13.04.080	168	210	0
3	1343009504-9824c9f5bf67784e6a791415647f9eeb-3	VMTS13.04.172	0	68	0
3	1343009951-53de536b089e0f4ccccc2fdb66004d9e-18	VMTS13.04.116	18	160	0
3	1343010214-0e6c591143adbeff6b45836b4eb46132-16	VMTS13.04.116	0	142	0
3	1343010295-b8194b45979eb3fb5b074aa86e2c6504-0	VMTS13.04.055	0	61	0
3	1343010295-b8194b45979eb3fb5b074aa86e2c6504-0	VMTS13.04.114	0	61	0
3	1343010295-b8194b45979eb3fb5b074aa86e2c6504-0	VMTS13.04.172	0	61	0
3	1343010295-b8194b45979eb3fb5b074aa86e2c6504-41	VMTS13.04.091	127	186	0
3	1343010295-b8194b45979eb3fb5b074aa86e2c6504-7	VMTS13.04.114	0	197	0
3	1343010295-b8194b45979eb3fb5b074aa86e2c6504-7	VMTS13.04.172	0	197	0
3	1343012607-0d3e8fc45af44c95c7b4411342cf8e44-52	VMTS13.04.091	113	172	0
3	1343012776-a7a7f39feb6ca2d91966ae747289e65a-0	VMTS13.04.172	0	61	0
3	1343012776-a7a7f39feb6ca2d91966ae747289e65a-38	VMTS13.04.091	127	186	0
3	1343016450-446d62db8085f151e3ea0feb98e94709-29	VMTS13.04.180	0	189	0
3	1343017527-064a211f0b3d30a311fb59cdad2c1eff-0	VMTS13.04.172	0	61	0
3	1343017527-064a211f0b3d30a311fb59cdad2c1eff-32	VMTS13.04.091	126	185	0
3	1343024826-5767fe20ab9670f88cb8c7f5e2b3f2c0-12	VMTS13.04.080	156	167	0
3	1343024826-5767fe20ab9670f88cb8c7f5e2b3f2c0-12	VMTS13.04.172	14	110	0
3	1343024826-5767fe20ab9670f88cb8c7f5e2b3f2c0-3	VMTS13.04.080	156	167	0
3	1343024826-5767fe20ab9670f88cb8c7f5e2b3f2c0-3	VMTS13.04.172	14	110	0
3	1343029293-b5fcc84c39cfd7cee37daa7988e35c95-12	VMTS13.04.172	0	130	0
3	1343033685-e94081bd7afc8a3a9ab88c1dfd1828b6-20	VMTS13.04.137	24	146	0
3	1343036442-ae949a5d61d7c4845bc6586338df4ef6-9	VMTS13.04.137	24	146	0
3	1343042902-c647a879c7bc905db7ea98063d084e59-25	VMTS13.04.107	0	89	0
3	1343042902-c647a879c7bc905db7ea98063d084e59-3	VMTS13.04.107	0	199	0
3	1343045571-8ff8405b6b6ebd3e0def1076578558f0-0	VMTS13.04.182	33	71	0
3	1343047726-d73bcd9c88a784418cfbc22b5c262111-14	VMTS13.04.176	0	199	0
3	1343048344-ad8cbdbc809b4e7e3cb3521ea6644e65-0	VMTS13.04.182	0	56	0
3	1343049076-686757b693e4428075e7ff2379c350c5-37	VMTS13.04.107	0	89	0
3	1343050818-e55b9a00f50f5a3bb97c2155f9b8d4b5-6	VMTS13.04.182	63	144	0
3	1343051961-1c39041f9c818320900a180ba48a8365-3	VMTS13.04.191	0	128	0
3	1343055380-dbb23834d711b73d58928d260084e5c2-0	VMTS13.04.191	7	56	0
3	1343056469-19c81164be5f74647d12ae7fd8a1f3e1-0	VMTS13.04.182	0	56	0
3	1343058180-04bcb12575066029ffb1fdd0518fae53-0	VMTS13.04.182	0	61	0
3	1343058663-d78df5b2506877af1b8d627ff17c7907-6	VMTS13.04.184	20	211	0
3	1343058663-d78df5b2506877af1b8d627ff17c7907-9	VMTS13.04.069	160	209	0
3	1343058663-d78df5b2506877af1b8d627ff17c7907-9	VMTS13.04.069	151	209	0
3	1343058663-d78df5b2506877af1b8d627ff17c7907-9	VMTS13.04.080	213	236	0
3	1343058663-d78df5b2506877af1b8d627ff17c7907-9	VMTS13.04.080	213	236	0
3	1343059704-0c5ae224551fc9a7abde7f0ad964d8ed-97	VMTS13.04.065	0	178	0
3	1343061661-cec3bbd8be7b886334a0490527ac6788-79	VMTS13.04.159	256	277	0
3	1343061684-024e1df384220ad56f1332b27a304818-6	VMTS13.04.080	58	78	0
3	1343061684-024e1df384220ad56f1332b27a304818-6	VMTS13.04.184	131	176	0
3	1343063225-496a35845a8e1c418ef71dc5e841e947-9	VMTS13.04.184	19	77	0
3	1343068649-2a20856e66fd1b72c9ac5b9aebef53d4-0	VMTS13.04.165	0	47	0
3	1343071665-30556a1eb2e2b6c3da6aaf51b169dc4a-0	VMTS13.04.165	0	47	0
3	1343075216-2a6032430d157e8c62caae41e2e7a9ae-16	VMTS13.04.144	90	183	0
3	1343076118-824934d9a9195396776e53e5709bfe54-8	VMTS13.04.191	7	160	0
3	1343078163-c381aeafe8940d86600e4db8e60c13d2-0	VMTS13.04.138	0	83	0
3	1343079871-dbd9234fb34611977aeae1d538c78421-3	VMTS13.04.184	61	257	0
3	1343079871-dbd9234fb34611977aeae1d538c78421-71	VMTS13.04.182	94	177	0
3	1343092192-0e4e545994ae9fae24ffdb6009e679ab-11	VMTS13.04.080	91	117	0
3	1343093504-fb246539e83b9420f32ed9e93ded98d0-11	VMTS13.04.114	96	117	0
3	1343096345-581ca075c69cc0421f23a95f57e15687-0	VMTS13.04.184	0	83	0
3	1343096345-581ca075c69cc0421f23a95f57e15687-26	VMTS13.04.191	165	308	0
3	1343103038-f9cfebd6d4c0093f49fa48a887968f37-3	VMTS13.04.184	0	165	0
3	1343108271-98435ec9d4f580c6bb18afc549b0c272-12	VMTS13.04.184	41	176	0
3	1343111992-73e33a6941dba40d11cc80b67c6a6bae-15	VMTS13.04.192	0	119	0
3	1343122199-69306819b4a429c1b0527c926e17e94e-9	VMTS13.04.198	0	187	0
3	1343126185-6f05cc99269aa874c012a59737aba46f-0	VMTS13.04.182	0	54	0
3	1343128548-de57c6677849da025aec55d82a9466af-14	VMTS13.04.198	0	185	0
3	1343129885-c4ba967e2ef47934c23b8578eec37066-16	VMTS13.04.198	0	185	0
3	1343129885-c4ba967e2ef47934c23b8578eec37066-4	VMTS13.04.198	65	329	0
3	1343132267-c258e74119ae58c0854b0a09917dccd2-0	VMTS13.04.184	0	98	0
3	1343132406-5d4badc85c63468613d73af02025819f-16	VMTS13.04.198	12	276	0
3	1343138559-3f481a705a673f82c9092ec2c5b1eaa7-0	VMTS13.04.069	0	54	0
3	1343139523-b2ecb3d3d0b1748cbd107711997827d5-0	VMTS13.04.069	0	54	0
3	1343139523-b2ecb3d3d0b1748cbd107711997827d5-2	VMTS13.04.069	23	49	0
3	1343139523-b2ecb3d3d0b1748cbd107711997827d5-2	VMTS13.04.080	73	105	0
3	1343141976-56f4b009378bcfc2f2433588a6e8a92f-0	VMTS13.04.069	0	62	0
3	1343143958-299818fe0d43b58c44c8e6c170ec086a-9	VMTS13.04.114	86	121	0
3	1343147741-c11674aff7f90ebd5de07accb2c7df54-0	VMTS13.04.177	0	43	0
3	1343147741-c11674aff7f90ebd5de07accb2c7df54-1	VMTS13.04.177	0	151	0
3	1343147937-e591fe9ae1329cea905d997d421ccaad-0	VMTS13.04.177	0	43	0
3	1343147937-e591fe9ae1329cea905d997d421ccaad-1	VMTS13.04.177	0	151	0
3	1343150747-19e8118dbaeedc3266b7305d85343b1b-0	VMTS13.04.177	0	50	0
3	1343156288-85357f10f2c53c144878060babdda6eb-115	VMTS13.04.192	17	201	0
3	1343158842-3614e4734f6f93254d473cfaf1251900-6	VMTS13.04.080	101	137	0
3	1343158842-3614e4734f6f93254d473cfaf1251900-6	VMTS13.04.177	11	94	0
3	1343159580-76648ab634129bfab8d9239ca6b26118-0	VMTS13.04.177	0	37	0
3	1343159580-76648ab634129bfab8d9239ca6b26118-6	VMTS13.04.114	11	137	0
3	1343160355-3c4683ee8f1e6a7cf5fd27860820a4f1-0	VMTS13.04.177	0	37	0
3	1343160355-3c4683ee8f1e6a7cf5fd27860820a4f1-7	VMTS13.04.177	0	151	0
3	1343160657-c34512a9d1d34573920adce039e8e016-30	VMTS13.04.177	0	144	0
3	1343164248-659ae00b650338108eb1391a6b860793-0	VMTS13.04.205	0	67	0
3	1343165801-7fc58269b9c1c408b392ba8586e3b0f4-4	VMTS13.04.202	0	96	0
3	1343170117-72afbf0ca96675935051be5649591a4c-0	VMTS13.04.205	0	49	0
3	1343174606-f5670a8b07185a073cf7285e0e23c872-0	VMTS13.04.192	0	71	0
3	1343175541-d245dc7cc775b6380b4d9d4eb5d30cc5-0	VMTS13.04.202	0	56	0
3	1343177150-1c15f0944f31e5e70ce101ebee6b77ba-36	VMTS13.04.196	0	132	0
3	1343182022-0c1f0e17abfe4026de48922dcc8ecd75-43	VMTS13.04.177	16	173	0
3	1343184234-717eaef2673716aa55ea89e5d53306b0-43	VMTS13.04.177	16	173	0
3	1343184289-6d259addb12cbb3ddaee4a283bb98d0a-16	VMTS13.04.177	0	168	0
3	1343184289-6d259addb12cbb3ddaee4a283bb98d0a-40	VMTS13.04.177	16	172	0
3	1343184289-6d259addb12cbb3ddaee4a283bb98d0a-48	VMTS13.04.202	0	108	0
3	1343196813-16c900231d0a52471db2fc1646936386-36	VMTS13.04.177	60	168	0
3	1343210280-78b387e8145f0e43f6322898909e3c73-3	VMTS13.04.177	89	137	0
3	1343219675-fe44d8d02c6080a3f4c29462620d5ae7-2	VMTS13.04.177	68	116	0
3	1343228019-332c55508b4761cdf011c3e7111dcd4d-22	VMTS13.04.177	60	163	0
3	1343321298-d0e553d8849c60cd8d89113249029449-0	VMTS13.04.116	0	79	0
3	1343323092-a64499c158c205dcb539c94b41a5bc51-0	VMTS13.04.194	0	54	0
3	1343329151-2b59389f8bcff0fa3856c44b33ae1694-13	VMTS13.04.205	0	350	0
3	1343330862-f3887a9923ff2ca53d752d04fa422bd3-9	VMTS13.04.205	0	199	0
3	1343378035-e65282256ac951439bf0e7828fd8c8d3-0	VMTS13.04.194	0	52	0
3	1343416417-b5bfd23cb16b7cf15622c0d5348f069d-34	VMTS13.04.137	74	195	0
3	1343486084-02529b16535a2a4543afa7c66cdaa6a4-16	VMTS13.04.141	39	248	0
3	1343491859-bb924512ee0ce3eabcc3507be8f784f1-0	VMTS13.04.165	0	52	0
3	1343491859-bb924512ee0ce3eabcc3507be8f784f1-1	VMTS13.04.141	0	209	0
3	1343612626-6fdba5d572a7c30df29319c45a9b3609-0	VMTS13.04.105	0	51	0
3	1343614174-47056e026418a22d97b384f0967f27bf-0	VMTS13.04.105	0	52	0
3	1343617208-67cb71889b870053fec85f155715f79d-0	VMTS13.04.105	0	52	0
3	1343617208-67cb71889b870053fec85f155715f79d-8	VMTS13.04.069	89	158	0
3	1343617208-67cb71889b870053fec85f155715f79d-8	VMTS13.04.105	14	104	0
3	1343617208-67cb71889b870053fec85f155715f79d-9	VMTS13.04.069	204	298	0
3	1343617208-67cb71889b870053fec85f155715f79d-9	VMTS13.04.138	117	186	0
3	1343619072-af55ff433d34c1f1a5e37797927a3972-4	VMTS13.04.105	89	299	0
3	1343627807-32e42f4eb2e5a05b6aadf73b7e6a565a-0	VMTS13.04.206	0	43	0
4	1344183570-3cd4d9d951093d728058e429c25dc700-0	VMTS13.06.001	19	49	0
4	1344183570-3cd4d9d951093d728058e429c25dc700-7	VMTS13.06.001	20	50	0
4	1344183697-4a6908374ff282cf2703dd07d24db1ac-0	VMTS13.06.001	19	73	0
4	1344183697-4a6908374ff282cf2703dd07d24db1ac-0	VMTS13.06.007	75	90	0
4	1344184676-80cb693bfd1e4599932954f05b071ec3-0	VMTS13.06.001	0	49	0
4	1344184676-80cb693bfd1e4599932954f05b071ec3-15	VMTS13.06.001	107	154	0
4	1344184676-80cb693bfd1e4599932954f05b071ec3-15	VMTS13.06.003	21	42	0
4	1344184676-80cb693bfd1e4599932954f05b071ec3-6	VMTS13.06.001	63	110	0
4	1344184676-80cb693bfd1e4599932954f05b071ec3-7	VMTS13.06.001	66	131	0
4	1344184676-80cb693bfd1e4599932954f05b071ec3-7	VMTS13.06.007	141	205	0
4	1344184688-963a70fd9cea7360cc2b9fc8e5a0c473-15	VMTS13.06.001	107	154	0
4	1344184688-963a70fd9cea7360cc2b9fc8e5a0c473-15	VMTS13.06.003	21	42	0
4	1344186375-29aee2faa1c28d98db97124f73d1b35a-0	VMTS13.06.001	0	46	0
4	1344187657-3a5e28d4ce0b97f9740c16fe7fd42dc7-0	VMTS13.06.001	0	47	0
4	1344188995-f8819cd650a1a7cfce6484460c00535a-0	VMTS13.06.043	0	48	0
4	1344188995-f8819cd650a1a7cfce6484460c00535a-5	VMTS13.06.043	82	204	0
4	1344189570-c2e898c5518aee185d8e0be5128ea46c-0	VMTS13.06.043	0	87	0
4	1344191236-e6c9a2dc9daa416ba2bab5e772a4399b-17	VMTS13.06.010	32	118	0
4	1344191302-b316d2801138d4433a44614045514b31-0	VMTS13.06.001	25	60	0
4	1344191302-b316d2801138d4433a44614045514b31-0	VMTS13.06.010	0	20	0
4	1344191302-b316d2801138d4433a44614045514b31-2	VMTS13.06.012	87	112	0
4	1344191302-b316d2801138d4433a44614045514b31-2	VMTS13.06.030	0	56	0
4	1344191302-b316d2801138d4433a44614045514b31-2	VMTS13.06.032	0	112	0
4	1344192110-e6ee3489c72674f0522d9bf29dc5e8f8-0	VMTS13.06.001	18	48	0
4	1344192110-e6ee3489c72674f0522d9bf29dc5e8f8-0	VMTS13.06.010	8	13	0
4	1344192110-e6ee3489c72674f0522d9bf29dc5e8f8-20	VMTS13.06.009	22	76	0
4	1344192677-baa812e3a7930671f24a2cc212f72d09-0	VMTS13.06.001	0	20	0
4	1344192677-baa812e3a7930671f24a2cc212f72d09-0	VMTS13.06.010	33	57	0
4	1344192948-873cadf0550245c18d7ca22ab4dc93f4-0	VMTS13.06.010	0	9	0
4	1344193695-da658c2adf059a302e98d98811b816e0-21	VMTS13.06.010	32	118	0
4	1344193698-66cfd093d8b785201ff9b29ec857e2e3-0	VMTS13.06.010	0	48	0
4	1344193698-66cfd093d8b785201ff9b29ec857e2e3-20	VMTS13.06.009	175	224	0
4	1344193698-66cfd093d8b785201ff9b29ec857e2e3-31	VMTS13.06.001	127	189	0
4	1344193698-66cfd093d8b785201ff9b29ec857e2e3-31	VMTS13.06.003	191	213	0
4	1344193698-66cfd093d8b785201ff9b29ec857e2e3-31	VMTS13.06.009	127	161	0
4	1344193698-66cfd093d8b785201ff9b29ec857e2e3-68	VMTS13.06.001	137	167	0
4	1344193698-66cfd093d8b785201ff9b29ec857e2e3-68	VMTS13.06.010	127	167	0
4	1344194101-3ce91a2505b24a76604a8e9bad9b3010-0	VMTS13.06.001	60	89	0
4	1344194101-3ce91a2505b24a76604a8e9bad9b3010-0	VMTS13.06.011	0	89	0
4	1344194101-3ce91a2505b24a76604a8e9bad9b3010-6	VMTS13.06.001	68	98	0
4	1344194101-3ce91a2505b24a76604a8e9bad9b3010-6	VMTS13.06.011	8	98	0
4	1344194101-708f06723ad06de41c7c3424f000caad-0	VMTS13.06.012	8	58	0
4	1344194101-708f06723ad06de41c7c3424f000caad-6	VMTS13.06.012	17	67	0
4	1344194101-b2eb89bbe0d52b864030fd80c7c1bb99-0	VMTS13.06.001	21	48	0
4	1344194101-b2eb89bbe0d52b864030fd80c7c1bb99-6	VMTS13.06.007	78	101	0
4	1344194525-1764f0d93c916c18ab60c16a1d0815e2-19	VMTS13.06.001	107	131	0
4	1344194525-1764f0d93c916c18ab60c16a1d0815e2-19	VMTS13.06.009	133	172	0
4	1344194525-1764f0d93c916c18ab60c16a1d0815e2-19	VMTS13.06.010	35	100	0
4	1344194831-4f9958bc2d2c219eeceefd15b7f72f4f-15	VMTS13.06.001	16	58	0
4	1344194831-4f9958bc2d2c219eeceefd15b7f72f4f-15	VMTS13.06.010	60	90	0
4	1344195578-e8d9acddd8db0b03442c3422c5a5a933-0	VMTS13.06.001	16	45	0
4	1344195578-e8d9acddd8db0b03442c3422c5a5a933-0	VMTS13.06.010	0	11	0
4	1344195910-9136b351fbbee9eaa45b86174d4266d6-0	VMTS13.06.010	8	13	0
4	1344196590-7f95442a294918df6051c3c0995d6470-14	VMTS13.06.001	54	112	0
4	1344196590-7f95442a294918df6051c3c0995d6470-14	VMTS13.06.003	114	136	0
4	1344196590-7f95442a294918df6051c3c0995d6470-14	VMTS13.06.009	66	84	0
4	1344196590-7f95442a294918df6051c3c0995d6470-18	VMTS13.06.001	76	124	0
4	1344196590-7f95442a294918df6051c3c0995d6470-18	VMTS13.06.003	128	148	0
4	1344196590-7f95442a294918df6051c3c0995d6470-18	VMTS13.06.009	106	124	0
4	1344196590-7f95442a294918df6051c3c0995d6470-20	VMTS13.06.001	88	137	0
4	1344196590-7f95442a294918df6051c3c0995d6470-20	VMTS13.06.003	141	161	0
4	1344196590-7f95442a294918df6051c3c0995d6470-20	VMTS13.06.009	120	137	0
4	1344196590-7f95442a294918df6051c3c0995d6470-27	VMTS13.06.001	94	143	0
4	1344196590-7f95442a294918df6051c3c0995d6470-27	VMTS13.06.003	147	166	0
4	1344196590-7f95442a294918df6051c3c0995d6470-27	VMTS13.06.009	126	143	0
4	1344197322-87484b7311bb06bf2c8104e888598666-0	VMTS13.06.040	0	72	0
4	1344198455-b1ecfc398a64864c828c9b7f334f3a8a-0	VMTS13.06.040	0	49	0
4	1344198653-4b17e726fdde310935851a994497b2cd-7	VMTS13.06.001	133	259	0
4	1344198653-4b17e726fdde310935851a994497b2cd-7	VMTS13.06.009	197	259	0
4	1344198653-4b17e726fdde310935851a994497b2cd-7	VMTS13.06.010	46	120	0
4	1344199125-26a205d6984e1c5198a5c527e07db99e-39	VMTS13.06.001	127	189	0
4	1344199125-26a205d6984e1c5198a5c527e07db99e-39	VMTS13.06.003	191	213	0
4	1344199125-26a205d6984e1c5198a5c527e07db99e-39	VMTS13.06.009	55	73	0
4	1344199647-059ba57a84fc6170c4993133a6a5b3b0-0	VMTS13.06.040	0	49	0
4	1344199647-a34c2a3d9daea93d3868e3962456bf1b-0	VMTS13.06.040	0	72	0
4	1344200417-a57ee7d79cd5fc63e6c5bd2d8cccbcf4-0	VMTS13.06.001	0	44	0
4	1344201629-10371e3cab8ea4067fa136c25731abf4-7	VMTS13.06.015	24	42	0
4	1344203720-8e99e1600ef09554cdc14ed0f8708fe8-4	VMTS13.06.001	52	94	0
4	1344203720-8e99e1600ef09554cdc14ed0f8708fe8-4	VMTS13.06.003	103	108	0
4	1344203720-8e99e1600ef09554cdc14ed0f8708fe8-4	VMTS13.06.010	176	227	0
4	1344204581-03b060c91f660a3407dd0b0d9bda409d-2	VMTS13.06.001	51	106	0
4	1344204581-03b060c91f660a3407dd0b0d9bda409d-2	VMTS13.06.003	110	130	0
4	1344204581-03b060c91f660a3407dd0b0d9bda409d-2	VMTS13.06.009	83	106	0
4	1344204898-425ae6017f88520b9aef44177aed5a15-44	VMTS13.06.001	136	200	0
4	1344204898-425ae6017f88520b9aef44177aed5a15-44	VMTS13.06.003	202	221	0
4	1344204898-425ae6017f88520b9aef44177aed5a15-44	VMTS13.06.009	152	170	0
4	1344210851-43338a58887f2c6d592104c2ca3e6b98-21	VMTS13.06.001	147	211	0
4	1344210851-43338a58887f2c6d592104c2ca3e6b98-21	VMTS13.06.003	216	228	0
4	1344210851-43338a58887f2c6d592104c2ca3e6b98-21	VMTS13.06.009	163	181	0
4	1344225219-225ea4a2a4e1699088e5bfce28e9d2fb-23	VMTS13.06.035	0	141	0
4	1344240664-d8f6aa5c7a09244f0c2d44e962254e73-31	VMTS13.06.024	0	67	0
4	1344240664-d8f6aa5c7a09244f0c2d44e962254e73-31	VMTS13.06.088	69	198	0
4	1344242556-69d19e7005172d21b31520118a93623f-0	VMTS13.06.073	0	46	0
4	1344250413-b98c978674fb248d141dc34749eaded4-12	VMTS13.06.073	0	114	0
4	1344250579-b7e1b08eb992dd8660e107f9b7666577-1	VMTS13.06.010	128	171	0
4	1344250579-b7e1b08eb992dd8660e107f9b7666577-1	VMTS13.06.073	0	121	0
4	1344252282-9fe2379d9f09e07f615e338c942dfd3d-0	VMTS13.06.060	0	62	0
4	1344254656-63d0e2ba995db06e1b570d0ad9111761-0	VMTS13.06.060	0	69	0
4	1344255556-34287dd981545b00d894310944ff6bf4-0	VMTS13.06.073	0	63	0
4	1344256922-9699d9d7bff8b20f4916da46b1ff7921-2	VMTS13.06.010	0	185	0
4	1344256922-9699d9d7bff8b20f4916da46b1ff7921-2	VMTS13.06.073	0	185	0
4	1344256922-9699d9d7bff8b20f4916da46b1ff7921-5	VMTS13.06.073	0	185	0
4	1344257492-b5ee494ae9525bf0f00ae3507a44f982-0	VMTS13.06.010	0	51	0
4	1344258964-1a2267e5d01f2ef53193a58c738e423f-0	VMTS13.06.056	0	61	0
4	1344259899-ddf5fed931c3206aca1d86fd76c6b10d-0	VMTS13.06.054	0	59	0
4	1344259899-ddf5fed931c3206aca1d86fd76c6b10d-44	VMTS13.06.001	79	150	0
4	1344259899-ddf5fed931c3206aca1d86fd76c6b10d-44	VMTS13.06.003	165	179	0
4	1344259899-ddf5fed931c3206aca1d86fd76c6b10d-44	VMTS13.06.009	181	202	0
4	1344259899-ddf5fed931c3206aca1d86fd76c6b10d-51	VMTS13.06.001	85	152	0
4	1344259899-ddf5fed931c3206aca1d86fd76c6b10d-51	VMTS13.06.003	167	185	0
4	1344259899-ddf5fed931c3206aca1d86fd76c6b10d-52	VMTS13.06.001	42	113	0
4	1344259899-ddf5fed931c3206aca1d86fd76c6b10d-52	VMTS13.06.003	128	142	0
4	1344259899-ddf5fed931c3206aca1d86fd76c6b10d-52	VMTS13.06.009	144	165	0
4	1344269266-3229f12b51c359b95f79dfd7e0022dd7-0	VMTS13.06.054	0	84	0
4	1344270264-fa0a0a782a0c3def39cd78979edeebc1-8	VMTS13.06.010	96	112	0
4	1344271982-cec54f4166ec19e63252b0c1d6b22576-11	VMTS13.06.010	25	102	0
4	1344272076-32fd6147311f816c434f4096bb6abfd7-8	VMTS13.06.010	0	138	0
4	1344276593-f18609109cdaef07a62365f5e3df7161-0	VMTS13.06.054	0	67	0
4	1344280744-759bce21bf393f9ba5cb125a73e92196-14	VMTS13.06.010	133	154	0
4	1344280864-b6b0f797c1e21f22727988917f5e527e-9	VMTS13.06.081	108	222	0
4	1344281863-2070edd097ba1ef3c7e7e5abb2178865-0	VMTS13.06.081	0	82	0
4	1344284938-fd540e7d2d2a9d00dd723746e0aadfef-70	VMTS13.06.010	173	194	0
4	1344300701-9e23c5fbf2c031c85790bb38f0a0e38d-0	VMTS13.06.054	0	48	0
4	1344300701-9e23c5fbf2c031c85790bb38f0a0e38d-0	VMTS13.06.056	0	48	0
4	1344323212-2b002d67d86eea9ff071391fad4aafee-29	VMTS13.04.091	92	197	0
4	1344325891-5268e55344f0fa9a235432e081c56d40-18	VMTS13.06.018	88	243	0
4	1344325891-5268e55344f0fa9a235432e081c56d40-18	VMTS13.06.071	31	243	0
4	1344326064-25f732d3adb712475d79f3ba722d632b-4	VMTS13.06.018	88	243	0
4	1344326064-25f732d3adb712475d79f3ba722d632b-4	VMTS13.06.071	31	243	0
4	1344345956-be2477316ec2699ec3e60f2ef8d7b933-15	VMTS13.06.061	0	21	0
4	1344356706-156ec7d2d6c5165e2f6c0f8b86d7655c-0	VMTS13.06.008	0	46	0
4	1344402101-f56395e392d76882effe970813cf0b6a-0	VMTS13.06.091	0	46	0
4	1344402238-39913f73166ffe626b5e27907eda326f-4	VMTS13.06.091	0	68	0
4	1344403180-71634d3e2aee6ef8e0e820ee94aa7267-5	VMTS13.06.012	11	176	0
4	1344403563-67119ea6ca07bc091deb900f76aaf79a-0	VMTS13.06.091	0	46	0
4	1344403563-67119ea6ca07bc091deb900f76aaf79a-17	VMTS13.06.091	23	173	0
4	1344403563-67119ea6ca07bc091deb900f76aaf79a-24	VMTS13.06.010	79	144	0
4	1344437877-986364038e3914967e378d814b21a1ee-0	VMTS13.06.060	0	91	0
4	1344441689-be6ee41a86c9e0bdbf1a80ec68b0b70c-0	VMTS13.06.060	0	91	0
4	1344468797-0b0e3c574e193fd0004ada29231cdb61-0	VMTS13.06.096	5	37	0
4	1344483092-df86868824b9de037e0a129f78d38880-0	VMTS13.06.096	0	46	0
4	1344496119-47062a42eb24f84e49dd5c414a40ac29-0	VMTS13.06.105	0	74	0
4	1344499029-33585a42f735b0b188aa70b37d990cae-4	VMTS13.06.091	0	173	0
4	1344503385-919bdd0ed2d7c4b6248ec7b5b0401541-18	VMTS13.06.105	0	118	0
4	1344537149-6669b3115c286ec6734318da1dbfb520-10	VMTS13.06.003	41	61	0
4	1344537149-6669b3115c286ec6734318da1dbfb520-10	VMTS13.06.009	63	81	0
4	1344537149-6669b3115c286ec6734318da1dbfb520-127	VMTS13.06.072	0	57	0
4	1344537149-6669b3115c286ec6734318da1dbfb520-6	VMTS13.06.003	0	81	0
4	1344537149-6669b3115c286ec6734318da1dbfb520-6	VMTS13.06.009	0	81	0
4	1344557975-ec0c52e6586b1cfbfa9166e663dec0b4-16	VMTS13.06.091	0	174	0
4	1344559018-bd488d69875c407ded46a82e87f0a8e3-16	VMTS13.06.091	0	174	0
4	1344559018-bd488d69875c407ded46a82e87f0a8e3-84	VMTS13.06.009	74	111	0
4	1344598666-7130319fafe8981b013295c29a424205-16	VMTS13.06.103	97	130	0
4	1344609762-f1d842202ec3c7b6ff99c2c2f324dcfc-7	VMTS13.06.010	46	67	0
4	1344627133-07eaa9ee3ab9a5c9e9a1552c7de10057-0	VMTS13.06.107	0	45	0
4	1344627133-07eaa9ee3ab9a5c9e9a1552c7de10057-34	VMTS13.06.091	0	174	0
4	1344824944-de251c6473056dd1c1e906fcfe8aa2a8-17	VMTS13.06.010	168	184	0
4	1344824944-de251c6473056dd1c1e906fcfe8aa2a8-17	VMTS13.06.096	159	217	0
5	1346172466-a75c299908fb842390d750fa0f3aae0b-11	VMTS13.08.090	0	85	0
5	1346173528-e2fed532c1261650ec95753236630ff8-10	VMTS13.08.090	35	74	0
5	1346174128-74ca49eefd1f7e337c895643e6833d4b-0	VMTS13.08.090	0	49	0
5	1346174128-74ca49eefd1f7e337c895643e6833d4b-43	VMTS13.08.102	0	138	0
5	1346174128-74ca49eefd1f7e337c895643e6833d4b-9	VMTS13.08.090	40	74	0
5	1346174359-b2c06cf7e1c5e1d32cc2a12c2a3a1f1d-0	VMTS13.08.090	0	31	0
5	1346174359-b2c06cf7e1c5e1d32cc2a12c2a3a1f1d-0	VMTS13.08.102	0	48	0
5	1346174610-4c4588c64c6f9f999276f18d0725fb7b-0	VMTS13.08.094	12	61	0
5	1346174610-4c4588c64c6f9f999276f18d0725fb7b-1	VMTS13.08.094	0	151	0
5	1346174610-4c4588c64c6f9f999276f18d0725fb7b-2	VMTS13.08.090	143	186	0
5	1346174610-4c4588c64c6f9f999276f18d0725fb7b-2	VMTS13.08.094	0	49	0
5	1346174610-4c4588c64c6f9f999276f18d0725fb7b-4	VMTS13.08.090	0	91	0
5	1346174917-17c106d718a05f504739174189ae6819-0	VMTS13.08.090	0	31	0
5	1346174926-be87b1280dc0a0aa294692b064e4f809-10	VMTS13.08.102	0	170	0
5	1346176085-20ae848d40eeeb18447d4d027ce561a4-0	VMTS13.08.090	0	44	0
5	1346176085-20ae848d40eeeb18447d4d027ce561a4-46	VMTS13.08.102	0	186	0
5	1346176085-20ae848d40eeeb18447d4d027ce561a4-6	VMTS13.08.090	40	104	0
5	1346178337-49715bd21ee797e80a3c1f2dcd12a7ed-152	VMTS13.08.066	0	180	0
5	1346178337-49715bd21ee797e80a3c1f2dcd12a7ed-57	VMTS13.08.056	0	183	0
5	1346178337-49715bd21ee797e80a3c1f2dcd12a7ed-59	VMTS13.08.056	0	183	0
5	1346179151-f90900f905adfa2f501a941fed55dc5a-45	VMTS13.08.102	0	186	0
5	1346184527-0417a9b5a15dcf78f4027e5a5d610102-0	VMTS13.08.090	22	44	0
5	1346184743-c40cd19d5e81ad7edd00be4d293d133c-0	VMTS13.08.094	0	54	0
5	1346185669-9fd3edacff536cad781e3b02a288766d-9	VMTS13.08.076	0	139	0
5	1346188517-ca1fdcd1a4f5b5eb32fdfca05803dc2b-15	VMTS13.08.090	0	85	0
5	1346188517-ca1fdcd1a4f5b5eb32fdfca05803dc2b-45	VMTS13.08.078	8	91	0
5	1346188517-ca1fdcd1a4f5b5eb32fdfca05803dc2b-45	VMTS13.08.119	66	91	0
5	1346188517-ca1fdcd1a4f5b5eb32fdfca05803dc2b-6	VMTS13.08.088	199	248	0
5	1346189032-8f0fe82a6531dee87f385b5605ce2575-0	VMTS13.08.090	0	21	0
5	1346191401-765f358bbf5f0c40c9991f50402b7cb7-5	VMTS13.08.088	89	133	0
5	1346195342-dea4c5ead0bcbd5a525cd7610b555400-6	VMTS13.08.088	86	130	0
5	1346196243-838781e4755875f246e3ca93adc83527-12	VMTS13.08.102	43	167	0
5	1346196341-15d010d86004936ef7f09bac740e4ac9-12	VMTS13.08.102	43	147	0
5	1346196523-25161c9e2cd26d73230324b598ee504e-0	VMTS13.08.105	0	42	0
5	1346196720-f1fbce3032776271ffb1e86ef669caa4-0	VMTS13.08.105	0	42	0
5	1346196720-f1fbce3032776271ffb1e86ef669caa4-26	VMTS13.08.102	43	167	0
5	1346196833-4578b7dc648e4518107b3423f902db43-0	VMTS13.08.105	0	52	0
5	1346197634-e5ecac5be9650b2953238738a623e438-0	VMTS13.08.105	0	27	0
5	1346199005-0eeae6e53feed75dbaa9d31eb08f992d-0	VMTS13.08.105	9	51	0
5	1346201635-c391d5c0545ce9d58af5d923c7774ddd-0	VMTS13.08.105	0	45	0
5	1346201635-c391d5c0545ce9d58af5d923c7774ddd-0	VMTS13.08.106	0	45	0
5	1346201635-c391d5c0545ce9d58af5d923c7774ddd-4	VMTS13.08.102	0	244	0
5	1346201808-64c9a9a973fa32f9bfae2ffe863ab933-41	VMTS13.08.106	32	96	0
5	1346202068-422c393b69ae8efdccbb743cbd6c07b9-0	VMTS13.08.106	0	42	0
5	1346202068-422c393b69ae8efdccbb743cbd6c07b9-8	VMTS13.08.105	0	193	0
5	1346204204-de43bedf507c9f290ace1a22686ba314-0	VMTS13.08.105	0	39	0
5	1346204204-de43bedf507c9f290ace1a22686ba314-46	VMTS13.08.067	0	123	0
5	1346204399-b8cd2d6bf77ca0cead16aa45ed21ec36-22	VMTS13.08.066	0	180	0
5	1346205682-bd6130a783f8b5f65011d41eedf358c8-33	VMTS13.08.105	39	92	0
5	1346205682-bd6130a783f8b5f65011d41eedf358c8-33	VMTS13.08.106	101	180	0
5	1346208550-055040e8c3f53f4dfc0397602e1040d8-4	VMTS13.08.123	0	178	0
5	1346219068-02d5e887f6cd1cf177f00a8160d44e6f-12	VMTS13.08.105	0	175	0
5	1346224308-ef915fe07ecaf98805107d57a1adf61f-28	VMTS13.08.105	0	82	0
5	1346225405-2ba299275aa4db1a86e2b07bf77b72f3-81	VMTS13.08.090	0	58	0
5	1346226703-f54e4aa13b4cc5a106bf5bb5cb41928c-7	VMTS13.08.090	0	28	0
5	1346226703-f54e4aa13b4cc5a106bf5bb5cb41928c-7	VMTS13.08.105	2	53	0
5	1346227192-3867bad3f50d3224867d275fa8b33910-35	VMTS13.08.090	0	28	0
5	1346227192-3867bad3f50d3224867d275fa8b33910-35	VMTS13.08.105	2	53	0
5	1346227550-83df37ce0f5080afdcd261863c8f2c50-18	VMTS13.08.090	0	28	0
5	1346227550-83df37ce0f5080afdcd261863c8f2c50-18	VMTS13.08.105	2	53	0
5	1346227871-d812a8dc66b5f5083dc1bf397942a56d-6	VMTS13.08.090	0	28	0
5	1346227871-d812a8dc66b5f5083dc1bf397942a56d-6	VMTS13.08.105	2	53	0
5	1346230642-93addde7db4cfe2fcfcb1083753c62c2-7	VMTS13.08.106	0	177	0
5	1346231275-c3b2e1cc664c712f9cebd41c37b3a5ae-7	VMTS13.08.088	146	201	0
5	1346232657-d47361c1627eb998a1292999fdf61d5b-6	VMTS13.08.106	0	169	0
5	1346236530-2169a65e4fc7f10b2d6e80001eb336ad-4	VMTS13.08.105	91	161	0
5	1346237484-ca20c3d28c8beb6c4fd0d363797db772-3	VMTS13.08.088	118	184	0
5	1346237484-ca20c3d28c8beb6c4fd0d363797db772-3	VMTS13.08.105	0	40	0
5	1346238024-d5305986f80940485bc8095636f1f7f1-37	VMTS13.08.105	0	64	0
5	1346238149-a18d6ff20071a7a07d1d4b3d547ff317-8	VMTS13.08.116	0	33	0
5	1346238149-a18d6ff20071a7a07d1d4b3d547ff317-8	VMTS13.08.116	196	233	0
5	1346238149-a18d6ff20071a7a07d1d4b3d547ff317-9	VMTS13.08.088	0	222	0
5	1346238567-68b3a3f7719678cee1175644d355fa3e-5	VMTS13.08.088	185	233	0
5	1346238577-e7cf1a7e7da4975f0fb10e209ccc7889-10	VMTS13.08.088	185	233	0
5	1346238577-e7cf1a7e7da4975f0fb10e209ccc7889-14	VMTS13.08.090	114	178	0
5	1346239273-f8859170ba17f63e2bf1f387bb941379-0	VMTS13.08.118	9	44	0
5	1346239273-f8859170ba17f63e2bf1f387bb941379-11	VMTS13.08.090	115	168	0
5	1346240524-ce5059d574437343d130adf9c0e79fbc-132	VMTS13.08.088	189	229	0
5	1346240524-ce5059d574437343d130adf9c0e79fbc-474	VMTS13.08.090	0	64	0
5	1346240902-3a7852580f64e4559bfafe5bd3a0d238-4	VMTS13.08.118	0	148	0
5	1346242000-3a7852580f64e4559bfafe5bd3a0d238-4	VMTS13.08.118	0	148	0
5	1346243539-9710b7bb16a3ead9596348f543491eef-13	VMTS13.08.094	0	159	0
5	1346245244-6bb550282112dd825826d313e578eeea-4	VMTS13.08.105	0	93	0
5	1346245308-daa47ee4ba86a95fa268d53aceec0860-19	VMTS13.08.088	81	126	0
5	1346247157-ac5f9966db8b7500c1eac607e464249c-1	VMTS13.08.118	120	219	0
5	1346247723-c075f728b3ce95408245bafad03c59eb-16	VMTS13.08.101	0	188	0
5	1346247744-509db3f448dee30bcf23fbab648a797a-5	VMTS13.08.115	0	175	0
5	1346248273-7d3b3d540d88e1a00711628e4c773247-11	VMTS13.08.106	0	177	0
5	1346248281-7b38b335c9bb89938f42d5b4514396f2-9	VMTS13.08.101	33	107	0
5	1346249381-99df18864d953c8e4659316518b84f42-84	VMTS13.08.106	0	180	0
5	1346252467-d96499cf537c642d333d50d526d2db9b-129	VMTS13.08.077	61	146	0
5	1346252467-d96499cf537c642d333d50d526d2db9b-129	VMTS13.08.118	0	80	0
5	1346252467-d96499cf537c642d333d50d526d2db9b-439	VMTS13.08.088	0	179	0
5	1346252467-d96499cf537c642d333d50d526d2db9b-439	VMTS13.08.090	0	179	0
5	1346253181-b75d4e58dfdfa8951d75e87fa33eb980-10	VMTS13.08.090	0	40	0
5	1346256804-d5e60cb497f6cde1d336a2b04fdc52e9-8	VMTS13.08.105	0	138	0
5	1346261522-9b11aa9cc618ec00235d381b7a46c674-124	VMTS13.08.088	126	182	0
5	1346261522-9b11aa9cc618ec00235d381b7a46c674-124	VMTS13.08.111	48	61	0
5	1346261522-9b11aa9cc618ec00235d381b7a46c674-124	VMTS13.08.118	67	122	0
5	1346261522-9b11aa9cc618ec00235d381b7a46c674-166	VMTS13.08.077	96	146	0
5	1346261522-9b11aa9cc618ec00235d381b7a46c674-261	VMTS13.08.090	26	66	0
5	1346261522-9b11aa9cc618ec00235d381b7a46c674-546	VMTS13.08.088	120	179	0
5	1346261522-9b11aa9cc618ec00235d381b7a46c674-546	VMTS13.08.090	43	83	0
5	1346263232-1ed3753cf8b9e71cb045e963f2f6fb6d-160	VMTS13.08.147	291	340	0
5	1346263232-1ed3753cf8b9e71cb045e963f2f6fb6d-197	VMTS13.08.088	126	182	0
5	1346263232-1ed3753cf8b9e71cb045e963f2f6fb6d-197	VMTS13.08.111	48	61	0
5	1346263232-1ed3753cf8b9e71cb045e963f2f6fb6d-197	VMTS13.08.118	67	122	0
5	1346263232-1ed3753cf8b9e71cb045e963f2f6fb6d-495	VMTS13.08.147	147	327	0
5	1346263232-1ed3753cf8b9e71cb045e963f2f6fb6d-498	VMTS13.08.147	147	327	0
5	1346263232-1ed3753cf8b9e71cb045e963f2f6fb6d-627	VMTS13.08.088	120	179	0
5	1346263232-1ed3753cf8b9e71cb045e963f2f6fb6d-627	VMTS13.08.090	43	83	0
5	1346263329-f84ad582d78bb9ed6d96d9f3582d0907-17	VMTS13.08.090	0	64	0
5	1346263329-f84ad582d78bb9ed6d96d9f3582d0907-73	VMTS13.08.090	0	74	0
5	1346267678-d781fff87b014f2ddc7ba6786788c8a2-0	VMTS13.08.129	0	72	0
5	1346268262-087218f324964eeea83de4aa92c248e7-39	VMTS13.08.090	0	74	0
5	1346268262-087218f324964eeea83de4aa92c248e7-9	VMTS13.08.129	48	127	0
5	1346273831-282b2f48477826dff21a507d0d12632f-11	VMTS13.08.128	12	41	0
5	1346274103-1e21fb9358904294f820d4ac0e32ba27-60	VMTS13.08.128	58	175	0
5	1346279571-64192239d3bffdfba7486c16b07da47e-586	VMTS13.08.147	147	327	0
5	1346279571-64192239d3bffdfba7486c16b07da47e-70	VMTS13.08.128	0	83	0
5	1346290660-02d5e887f6cd1cf177f00a8160d44e6f-13	VMTS13.08.090	0	41	0
5	1346293216-e6f17d8c73bbd7f2d9385be73c844c5c-9	VMTS13.08.126	12	42	0
5	1346295848-1e47bd0b1985ecbb0261675a90e81a3d-18	VMTS13.08.126	12	42	0
5	1346298035-d5e41a0d5e3ec04ac884510211de10d7-2	VMTS13.08.126	12	42	0
5	1346305807-4b8621397b6c86efc6f5c5e446688ae4-19	VMTS13.08.088	0	56	0
5	1346306376-e69f5cac281672a3d8b2c6e920aea316-13	VMTS13.08.126	131	188	0
5	1346307786-0eb989af0e6ee6e260b33412301fc643-19	VMTS13.08.126	131	188	0
5	1346312978-29fef8b7ddcc9b66b15aa93d2adfedd4-117	NEW	0	129	0
5	1346316010-54ac041ff07f7d932bf9d66da469151f-7	VMTS13.08.077	0	103	0
5	1346326429-5fd1bf52da72351d409fcffb1abc6aa8-55	VMTS13.08.118	49	108	0
5	1346326429-5fd1bf52da72351d409fcffb1abc6aa8-55	VMTS13.08.147	0	29	0
5	1346326429-5fd1bf52da72351d409fcffb1abc6aa8-71	VMTS13.08.111	185	272	0
5	1346330779-eb2c4b66f863da9254c32467d4ceb912-740	VMTS13.08.147	86	266	0
5	1346341302-29701c65e5cdd66f31a73fa426b713d5-87	VMTS13.08.126	0	83	0
5	1346352121-00efad96bc6f8aeaa4387ed4d447c16c-30	VMTS13.08.128	12	42	0
5	1346360267-83a775656953a39fb48f803d1dff674f-15	VMTS13.08.143	0	204	0
5	1346381385-54b25166cc2948851c6a8ca28c5770d1-0	VMTS13.08.143	0	51	0
5	1346407260-39164c2b284456211d63ca2a2bc6d35f-0	VMTS13.08.146	0	46	0
5	1346409170-3293de697344d828f7dbf7571eb9b20c-8	VMTS13.08.146	152	262	0
5	1346420448-05d521e84689b80738af82d464c1c4ad-10	VMTS13.08.126	156	273	0
5	1346422508-586720943e36309f9a4d686312256dcb-10	VMTS13.08.142	0	94	0
5	1346422984-a80bccd316a86de924c90a4213531648-5	VMTS13.08.094	107	255	0
5	1346440278-6cc7b0e528b4a958d83f56308b00bf34-62	VMTS13.08.129	0	167	0
5	1346440933-96263795e908d248eeb032a17d932627-6	VMTS13.08.094	0	112	0
5	1346440962-bb281c99be886095d4513cfffa365f6d-65	VMTS13.08.129	0	167	0
5	1346445459-7af7404be596b4f50babdb7b846efd19-8	VMTS13.08.094	0	112	0
5	1346514405-031b50e616a96c334923593852c4d296-5	VMTS13.08.094	0	93	0
5	1346515739-fae3d1f614d97336e9423aecb1fa6bec-3	VMTS13.08.094	0	93	0
5	1346516078-e4d7dddf85d01647bb6ed68c50790855-9	VMTS13.08.094	0	93	0
5	1346519350-cc4768095a2a09cc3af64034bb84406f-5	VMTS13.08.115	135	209	0
5	1346520573-75dcf5b55d6f75c6bf2904b1b658eaad-10	VMTS13.08.115	44	137	0
5	1346521618-8fa08ecd337b5beecd09830b42c46415-3	VMTS13.08.115	44	137	0
5	1346563161-838d044de55aa5f0f5801fd5aa9f65a8-1	VMTS13.08.156	0	113	0
5	1346563161-838d044de55aa5f0f5801fd5aa9f65a8-6	VMTS13.08.156	0	46	0
5	1346563762-8be924892d9029f13132fdc9e22f5831-401	VMTS13.08.147	30	87	0
5	1346567839-f38eeff2e64503d8d1a5bb6d24cfb4a9-17	VMTS13.08.147	0	64	0
5	1346649787-5ea5fa3d4791e72493dceafedfb88c75-14	VMTS13.08.150	0	119	0
5	1346688190-b65a2ff72a847aa274777ba230ada28b-15	VMTS13.08.147	86	150	0
5	1346688374-bfdf462e72c8a68b161eadb8fc8e4057-18	VMTS13.08.147	151	215	0
5	1346688374-bfdf462e72c8a68b161eadb8fc8e4057-20	VMTS13.08.147	141	210	0
5	1346688374-bfdf462e72c8a68b161eadb8fc8e4057-26	VMTS13.08.150	0	119	0
5	1346689336-edbc1e05eca40af5ceb99fb204a73f30-6	VMTS13.08.150	0	119	0
5	1346693117-4fb7fd4c5019953c700020046b4baae3-5	VMTS13.08.147	165	229	0
5	1346779788-db53c9cb1cb5f10afdbb05f229608957-5	VMTS13.08.158	40	99	0
5	1346780010-06379a79129fefd7fdd02ceccdbd5b91-0	VMTS13.08.158	11	40	0
5	1346780477-5680c8e1e2a7ebb98cd5e8f14fd5a2c0-9	VMTS13.08.158	8	99	0
5	1346805141-5478ae9976835e2bfbdd97839997b3a0-0	VMTS13.08.156	0	62	0
5	1346834247-64075bc62593eb80d879c1810d0c5766-0	VMTS13.08.156	0	52	0
5	1346971145-e51f2e56c358e736e86acf6703ca7b64-31	VMTS13.08.150	0	127	0
6	1351093929-6c52eb371f1c065e25cae1190265231d-0	VMTS13.09.021	0	37	0
6	1351093929-6c52eb371f1c065e25cae1190265231d-3	VMTS13.09.013	71	229	0
6	1351094715-b6a6f9dddc70a9b68c7014d1a89a7c30-0	VMTS13.09.013	9	57	0
6	1351094715-b6a6f9dddc70a9b68c7014d1a89a7c30-7	VMTS13.09.019	0	210	0
6	1351096129-c48c840fc1004c8b1e7a0f8fb1011bf0-5	VMTS13.09.019	0	137	0
6	1351096183-213b5744130b036461f3d0d097bdcc4a-11	VMTS13.09.012	0	81	0
6	1351096747-06662b56f57667a72f2f36a7a1d6df49-0	VMTS13.09.021	0	45	0
6	1351096854-441a01a337303dc52fa9350fbd211fd9-4	VMTS13.09.012	0	81	0
6	1351097447-c12b96a167c27e3b01d111f3940ef50f-42	VMTS13.09.021	0	168	0
6	1351097447-c12b96a167c27e3b01d111f3940ef50f-67	VMTS13.09.021	0	63	0
6	1351097447-c12b96a167c27e3b01d111f3940ef50f-71	VMTS13.09.021	0	53	0
6	1351099076-316cf7aa41c8225a68b65dcfcf010ba9-0	VMTS13.09.021	0	40	0
6	1351105165-57a8ed0099b23e17d285521ea0f7d2f7-5	VMTS13.09.029	0	154	0
6	1351112442-739b9b953b70436f5c5530c9e0449e97-24	VMTS13.09.021	0	81	0
6	1351112443-d3189f89169821d2532cbfffa8c72ebd-0	VMTS13.09.029	0	40	0
6	1351112443-d3189f89169821d2532cbfffa8c72ebd-59	VMTS13.09.021	0	108	0
6	1351128032-f4fc01244416e656f0438ffc89e288c0-0	VMTS13.09.013	0	48	0
6	1351131307-c3c2f71ff3ba17312d30d96cbfae0c2c-59	VMTS13.09.021	0	118	0
6	1351149747-02b7dc310868696edb2457ad8ba61617-2	VMTS13.09.031	0	135	0
6	1351149785-fac12fc09dd83228f516e1de08fc58fc-3	VMTS13.09.031	0	140	0
6	1351150388-409977fa0580208ec787b526d4ce36df-2	VMTS13.09.031	0	135	0
6	1351150903-ec699b217191b78a96b85e1563d43264-12	VMTS13.09.020	275	306	0
6	1351150903-ec699b217191b78a96b85e1563d43264-15	VMTS13.09.031	0	83	0
6	1351153229-c2c78bb4ea7d950bc3c960146162e9fd-15	VMTS13.09.028	87	160	0
6	1351155897-6873a8c408fb94294410c42917f1f3a9-8	VMTS13.09.031	0	137	0
6	1351156053-3e76be200b1becdc6179cd49993cbb35-18	VMTS13.09.028	89	162	0
6	1351156330-a6bf6d346838d189bb95023d0e63458d-26	VMTS13.09.031	0	118	0
6	1351156581-70aa2b2d16181c5e12082e3fe5b1ce59-8	VMTS13.09.031	0	137	0
6	1351160338-013faf69c5964ec5026622ffdef1e630-15	VMTS13.09.031	0	118	0
6	1351161434-03b5d98841f906b7448ffa8c086d9cf5-5	VMTS13.09.031	0	87	0
6	1351173891-b4286710157b10fb7b6d51dc4346af37-3	VMTS13.09.031	22	111	0
6	1351173891-b4286710157b10fb7b6d51dc4346af37-3	VMTS13.09.035	138	230	0
6	1351174653-2eebb1965635d99f531349a39a331e45-17	VMTS13.09.014	89	162	0
6	1351175894-2eebb1965635d99f531349a39a331e45-17	VMTS13.09.014	89	162	0
6	1351176055-9a6a309437074e52b4d19fb9478532c2-26	VMTS13.09.014	89	162	0
6	1351182677-8e03a104acd80df03aef8a202c6ceadb-16	VMTS13.09.035	157	185	0
6	1351182677-8e03a104acd80df03aef8a202c6ceadb-16	VMTS13.09.036	187	223	0
6	1351182964-31834dbc11a7740df639cfe8fdd06eb0-2	VMTS13.09.038	24	171	0
6	1351184299-fe555a83e5b7491b49d7068a15edcd36-13	VMTS13.09.031	0	30	0
6	1351184299-fe555a83e5b7491b49d7068a15edcd36-2	VMTS13.09.039	24	171	0
6	1351184483-4682d5a44a3b206f22eaab0e0a289665-11	VMTS13.09.039	24	171	0
6	1351184483-4682d5a44a3b206f22eaab0e0a289665-22	VMTS13.09.031	0	30	0
6	1351186644-8f6391eec0ff36fdfdf4263edd4bfb02-17	VMTS13.09.031	13	30	0
6	1351186644-8f6391eec0ff36fdfdf4263edd4bfb02-6	VMTS13.09.038	24	171	0
6	1351187235-3210cd56d59ebba7e7e1744d0e733568-19	VMTS13.09.020	126	163	0
6	1351187235-3210cd56d59ebba7e7e1744d0e733568-19	VMTS13.09.031	59	83	0
6	1351187235-3210cd56d59ebba7e7e1744d0e733568-21	VMTS13.09.031	101	119	0
6	1351187235-3210cd56d59ebba7e7e1744d0e733568-23	VMTS13.09.020	126	163	0
6	1351187235-3210cd56d59ebba7e7e1744d0e733568-23	VMTS13.09.031	59	83	0
6	1351187235-3210cd56d59ebba7e7e1744d0e733568-28	VMTS13.09.020	126	163	0
6	1351187235-3210cd56d59ebba7e7e1744d0e733568-28	VMTS13.09.031	59	83	0
6	1351189974-5c2f62e6a8099718b9c091cc93e401ed-43	VMTS13.09.020	126	163	0
6	1351189974-5c2f62e6a8099718b9c091cc93e401ed-43	VMTS13.09.031	59	83	0
6	1351189974-5c2f62e6a8099718b9c091cc93e401ed-45	VMTS13.09.020	126	163	0
6	1351189974-5c2f62e6a8099718b9c091cc93e401ed-45	VMTS13.09.031	59	83	0
6	1351189974-5c2f62e6a8099718b9c091cc93e401ed-51	VMTS13.09.031	103	119	0
6	1351190705-f4c7bf8ccd6036be038cee4577389cc9-10	VMTS13.09.132	0	146	0
6	1351190705-f4c7bf8ccd6036be038cee4577389cc9-4	VMTS13.09.034	21	59	0
6	1351190863-80c0d9c16c78ac0fdc3ed9593e87066d-25	VMTS13.09.031	101	119	0
6	1351201569-713c7ff86e63ca0ceb258e3b9de03380-0	VMTS13.09.035	0	50	0
6	1351211647-e3423e09074bc8250e3d81a767d07eed-41	VMTS13.09.020	126	163	0
6	1351211647-e3423e09074bc8250e3d81a767d07eed-41	VMTS13.09.031	59	83	0
6	1351215256-7c72bff9b6868ae781218c0bbe96dc38-0	VMTS13.09.042	0	49	0
6	1351217056-3bc7edbd357bad7c6c0eaac587baebbd-0	VMTS13.09.042	0	49	0
6	1351220580-25cbe3ceed0957ccb3eee6075f79f370-19	VMTS13.09.038	0	232	0
6	1351224278-cc0c2aec18a41ee90c82490f8ac9f129-27	VMTS13.09.035	65	84	0
6	1351224278-cc0c2aec18a41ee90c82490f8ac9f129-27	VMTS13.09.042	104	165	0
6	1351224278-cc0c2aec18a41ee90c82490f8ac9f129-27	VMTS13.09.044	0	47	0
6	1351225164-079be6381274a8359e4b63b1ab04980d-0	VMTS13.09.046	27	49	0
6	1351225164-079be6381274a8359e4b63b1ab04980d-10	VMTS13.09.044	82	156	0
6	1351225607-c464ab48929327379d2a790bceab51eb-23	VMTS13.09.014	69	144	0
6	1351225644-3633f797456609c7ea9c5023f19ff7a2-34	VMTS13.09.014	69	144	0
6	1351225677-50853db0467881e58d2d0dbbe7fc3e6d-20	VMTS13.09.014	65	144	0
6	1351225677-50853db0467881e58d2d0dbbe7fc3e6d-20	VMTS13.09.028	107	212	0
6	1351226892-bf5778ccccf28961dc6dad7dbd866e19-40	VMTS13.09.044	107	122	0
6	1351230868-6eb9a9b1a9d77369df9cbf382969914d-31	VMTS13.09.132	0	89	0
6	1351231063-2b6b8af893bd10c73de7d08898c30a20-31	VMTS13.09.046	0	49	0
6	1351231721-f2f39ac13bdde3146328c4f5a637f10d-0	VMTS13.09.046	0	36	0
6	1351231721-f2f39ac13bdde3146328c4f5a637f10d-3	VMTS13.09.038	0	161	0
6	1351233509-1c84cc463b347cfb0b4d775400308a05-0	VMTS13.09.042	0	37	0
6	1351235006-402211950043f4c9959e4dce58a6390c-9	VMTS13.09.025	51	100	0
6	1351235911-79b0d28b3af8147656b69bdefedd16d3-0	VMTS13.09.046	0	46	0
6	1351239273-6f8e70fa2181e0383d2eebf7723826cc-7	VMTS13.09.044	30	49	0
6	1351248582-926c1f095903bb8aaa3ba1702fb6db7b-5	VMTS13.09.038	142	220	0
6	1351248582-926c1f095903bb8aaa3ba1702fb6db7b-5	VMTS13.09.042	96	138	0
6	1351251579-ed4b31a5b4d79284a372ce938e83c4e0-0	VMTS13.09.042	38	64	0
6	1351251579-ed4b31a5b4d79284a372ce938e83c4e0-27	VMTS13.09.044	0	49	0
6	1351252864-a38f25413d42674ec250489412635cf4-0	VMTS13.09.046	47	73	0
6	1351252864-a38f25413d42674ec250489412635cf4-23	VMTS13.09.044	0	49	0
6	1351252864-a38f25413d42674ec250489412635cf4-33	VMTS13.09.097	168	209	0
6	1351254035-3cc581a357624326dbfd2ce362810a4c-0	VMTS13.09.034	0	38	0
6	1351257144-668b95c16f1f38e3ec1ff4b6914107c7-37	VMTS13.09.035	65	84	0
6	1351257144-668b95c16f1f38e3ec1ff4b6914107c7-37	VMTS13.09.042	96	157	0
6	1351257144-668b95c16f1f38e3ec1ff4b6914107c7-37	VMTS13.09.044	14	47	0
6	1351265938-ade9c8f2854778de6b959d7ea90b521a-1	VMTS13.09.038	127	202	0
6	1351265938-ade9c8f2854778de6b959d7ea90b521a-1	VMTS13.09.052	81	123	0
6	1351266020-7a3971f085cfbdf7c76a8142cea19872-0	VMTS13.09.167	0	53	0
6	1351266578-37c3beed1db3782d5783bb2810d21dd4-1	VMTS13.09.047	0	160	0
6	1351273262-1503f9062405c9ab68a5fc498c09be0e-0	VMTS13.09.047	0	45	0
6	1351273933-604e18ea095bedbb411f144896928a73-2	VMTS13.09.047	178	217	0
6	1351273933-604e18ea095bedbb411f144896928a73-2	VMTS13.09.051	128	165	0
6	1351276704-7ec4f52dc68a19794471b2a8eb652270-6	VMTS13.09.044	69	90	0
6	1351279615-a0a29f4b87169a090d67aab893dc63be-36	VMTS13.09.041	107	201	0
6	1351279615-a0a29f4b87169a090d67aab893dc63be-44	VMTS13.09.038	72	150	0
6	1351279615-a0a29f4b87169a090d67aab893dc63be-44	VMTS13.09.046	0	68	0
6	1351280294-c6195250b87ea9948694093c7feeab38-6	VMTS13.09.073	31	116	0
6	1351282928-6ad8e4a033b054e4d806d1c25adafc44-8	VMTS13.09.041	0	106	0
6	1351282951-a3560caacff9e7e58c60e7a646e3d2e3-11	VMTS13.09.056	199	231	0
6	1351282951-a3560caacff9e7e58c60e7a646e3d2e3-2	VMTS13.09.003	0	86	0
6	1351283211-3af5045d0276cc19b18117a6d4846fdc-38	VMTS13.09.038	72	150	0
6	1351283211-3af5045d0276cc19b18117a6d4846fdc-38	VMTS13.09.046	0	150	0
6	1351284242-eab1ecea47ed133c5627fb1ebe9eab1f-0	VMTS13.09.047	0	41	0
6	1351287218-b5057aeedd1413dee8fe7496bbbda611-0	VMTS13.09.060	0	46	0
6	1351287999-1788fc10cd73d703a1bdf5a793895fa7-17	VMTS13.09.060	64	205	0
6	1351288354-3bc28435c1c2d62925489a2bb21a0c11-0	VMTS13.09.060	0	46	0
6	1351290483-9b0275be1f6661e2f1150e0e5d4d2627-10	VMTS13.09.034	92	141	0
6	1351291330-bc44ba430ae009e9661e905978545e2c-5	VMTS13.09.028	111	161	0
6	1351291330-bc44ba430ae009e9661e905978545e2c-5	VMTS13.09.047	57	127	0
6	1351291982-f974768d6c96dd90fb4328df34bdc68b-20	VMTS13.09.020	0	57	0
6	1351293004-2c281bf5b63ba9211475f74de4881810-16	VMTS13.09.028	111	161	0
6	1351293004-2c281bf5b63ba9211475f74de4881810-16	VMTS13.09.047	57	127	0
6	1351293106-86a7c775cd752bfccbd27ed437823c70-11	VMTS13.09.051	0	48	0
6	1351305924-cd5e0889b759d2d15187e169946c734d-51	VMTS13.09.035	41	61	0
6	1351305924-cd5e0889b759d2d15187e169946c734d-51	VMTS13.09.042	76	92	0
6	1351307263-bee0181d2b0bbf2d636bd1e891888ff8-0	VMTS13.09.020	30	50	0
6	1351307263-bee0181d2b0bbf2d636bd1e891888ff8-0	VMTS13.09.028	0	28	0
6	1351313656-510591743e06a7c37a355f602be2ae1b-19	VMTS13.09.025	0	52	0
6	1351317779-466a639358d4876cad24cc37f26161f6-8	VMTS13.09.044	116	146	0
6	1351318657-36c9e5ca29837d58d12f5607063f1424-20	VMTS13.09.034	5	75	0
6	1351318657-36c9e5ca29837d58d12f5607063f1424-20	VMTS13.09.068	77	104	0
6	1351319066-1c4f4d96ce83f2d24a0c692f2aa2653b-0	VMTS13.09.068	21	64	0
6	1351319066-1c4f4d96ce83f2d24a0c692f2aa2653b-10	VMTS13.09.044	116	145	0
6	1351320385-56625fe6316a95550fa9faa60305862e-17	VMTS13.09.028	28	66	0
6	1351320385-56625fe6316a95550fa9faa60305862e-18	VMTS13.09.034	5	75	0
6	1351320385-56625fe6316a95550fa9faa60305862e-18	VMTS13.09.068	77	104	0
6	1351320385-56625fe6316a95550fa9faa60305862e-20	VMTS13.09.047	0	76	0
6	1351324502-4a72b4937e84705d1ec8aa2d48da5ea5-0	VMTS13.09.081	0	39	0
6	1351327264-6e7c99808f296154c86659fbde7d3b72-9	VMTS13.09.066	88	117	0
6	1351328122-56a1a6fe69e9cc83252b5b83b2b3deae-0	VMTS13.09.048	51	90	0
6	1351329044-6c57662c176a7af8500fa813139e53fb-8	VMTS13.09.020	67	103	0
6	1351330867-24a5b808cbe81d19ab20270e602e9160-6	VMTS13.09.038	48	171	0
6	1351331174-6f77b70e5be4785aec94580f4a4bdd13-0	VMTS13.09.048	51	90	0
6	1351331726-bf2489b930b012f76ac6b6aaa0432876-3	VMTS13.09.038	46	169	0
6	1351331726-bf2489b930b012f76ac6b6aaa0432876-3	VMTS13.09.073	99	169	0
6	1351339721-a27e3bb90ced4849f311167ee00b75b6-29	VMTS13.09.052	58	95	0
6	1351340972-1dfda23b96f63d593eabc461a93da4ae-3	VMTS13.09.057	145	181	0
6	1351341185-0cb5caaab14e0b99fe21f98a90ac6d1c-9	VMTS13.09.057	145	181	0
6	1351342085-9a871237d050acd89001032ba78b8302-0	VMTS13.09.057	0	48	0
6	1351342433-74d2526cadfdd399c5ac61938fe16dc3-3	VMTS13.09.057	126	153	0
6	1351342671-25f1f3b6ecfbd5dfdb4ac7c714262127-14	VMTS13.09.069	38	122	0
6	1351343029-0f0f6b1ab64bdc7380c300992e8b09e8-0	VMTS13.09.057	0	48	0
6	1351343029-0f0f6b1ab64bdc7380c300992e8b09e8-16	VMTS13.09.057	41	90	0
6	1351348464-363af84e0cae4977b700691438158da1-17	VMTS13.09.034	36	82	0
6	1351350288-aa5c9dcf438907ac684356f6bee1d41b-12	VMTS13.09.069	38	122	0
6	1351351060-8614e051ab4d500330775e904a08300a-24	VMTS13.09.111	83	136	0
6	1351352097-858c0afd95679576a31340a56f179240-3	VMTS13.09.028	97	159	0
6	1351352097-858c0afd95679576a31340a56f179240-7	VMTS13.09.057	9	39	0
6	1351353392-8dced1dae695d3549480908b9d39d593-1	VMTS13.09.028	97	159	0
6	1351353392-8dced1dae695d3549480908b9d39d593-5	VMTS13.09.057	9	39	0
6	1351356067-56dadb500ed90d1b261d5533aac97fed-10	VMTS13.09.057	9	39	0
6	1351358913-64b841baad946438a8e2eec913acaaee-24	VMTS13.09.057	9	39	0
6	1351363829-6a01998747cae25e7c54d5b6788f80f1-12	VMTS13.09.070	69	122	0
6	1351363829-6a01998747cae25e7c54d5b6788f80f1-3	VMTS13.09.031	68	107	0
6	1351364251-755e7e01e1910d021374aa30e0cc0f41-0	VMTS13.09.074	0	49	0
6	1351364251-755e7e01e1910d021374aa30e0cc0f41-4	VMTS13.09.074	1	49	0
6	1351364251-755e7e01e1910d021374aa30e0cc0f41-8	VMTS13.09.020	141	157	0
6	1351365597-e6063e9134f12da59c307ab5f678082e-11	VMTS13.09.074	49	65	0
6	1351366054-7875edb548c5d67f602a435d4ab0fdee-0	VMTS13.09.074	0	49	0
6	1351366259-02ce5590fa00d017976ea00b84fc48d6-29	VMTS13.09.025	0	70	0
6	1351366917-8bcbd9c26089225b592afe18da3fde4a-21	VMTS13.09.092	132	156	0
6	1351366917-8bcbd9c26089225b592afe18da3fde4a-52	VMTS13.09.025	0	69	0
6	1351368070-1004aaee10343a5b6e49cdcece29c570-55	VMTS13.09.092	132	156	0
6	1351370189-06b38c6b702b8097a690bcfef1f721ee-90	VMTS13.09.092	132	156	0
6	1351375989-4d5c3d710e085b3d52b3d9489e2c3ae5-0	VMTS13.09.084	0	46	0
6	1351382993-a07066f2a19affad7e59887e4ec48636-21	VMTS13.09.048	42	120	0
6	1351383986-11723a9ed27b1bed229aaf249e34748e-19	VMTS13.09.048	42	120	0
6	1351387092-c81e70be9ceae234c2deb63dd35b973d-22	VMTS13.09.048	42	120	0
6	1351391680-eb9aeb241f4e57d23eb555dd616ec69c-0	VMTS13.09.068	0	60	0
6	1351391680-eb9aeb241f4e57d23eb555dd616ec69c-40	VMTS13.09.040	0	77	0
6	1351393033-b6c05d146817739a071eb0ba3e5c6b99-0	VMTS13.09.068	0	55	0
6	1351397223-d985ae4afda1e6d3ec2ceacad7ff555a-0	VMTS13.09.068	9	67	0
6	1351403659-ff10cf4e7e8f1913ffd1512516da290a-19	VMTS13.09.068	121	210	0
6	1351405355-396fd4531111bb6588e7f17eb7b61826-0	VMTS13.09.098	0	53	0
6	1351405851-0dc6e573718a1d4b00523c4344a64bc0-3	VMTS13.09.458	0	58	0
6	1351405851-0dc6e573718a1d4b00523c4344a64bc0-7	VMTS13.09.068	105	158	0
6	1351411787-a043c86ca9e0dd21840283782c61c70b-165	VMTS13.09.143	0	45	0
6	1351411787-a043c86ca9e0dd21840283782c61c70b-167	VMTS13.09.143	0	45	0
6	1351411787-a043c86ca9e0dd21840283782c61c70b-187	VMTS13.09.054	0	104	0
6	1351411787-a043c86ca9e0dd21840283782c61c70b-210	VMTS13.09.054	0	104	0
6	1351411787-a043c86ca9e0dd21840283782c61c70b-33	VMTS13.09.054	0	103	0
6	1351411787-a043c86ca9e0dd21840283782c61c70b-35	VMTS13.09.054	0	103	0
6	1351411787-a043c86ca9e0dd21840283782c61c70b-364	VMTS13.09.034	142	153	0
6	1351411787-a043c86ca9e0dd21840283782c61c70b-364	VMTS13.09.046	171	196	0
6	1351416051-f081861cff0c5ea1e679a5c6a5289075-0	VMTS13.09.028	0	48	0
6	1351416051-f081861cff0c5ea1e679a5c6a5289075-148	VMTS13.09.143	0	45	0
6	1351416051-f081861cff0c5ea1e679a5c6a5289075-300	VMTS13.09.034	142	153	0
6	1351416051-f081861cff0c5ea1e679a5c6a5289075-300	VMTS13.09.046	171	196	0
6	1351416051-f081861cff0c5ea1e679a5c6a5289075-55	VMTS13.09.143	0	44	0
6	1351416051-f081861cff0c5ea1e679a5c6a5289075-8	VMTS13.09.031	101	119	0
6	1351416051-f081861cff0c5ea1e679a5c6a5289075-91	VMTS13.09.143	0	44	0
6	1351416135-a043c86ca9e0dd21840283782c61c70b-157	VMTS13.09.143	0	45	0
6	1351416135-a043c86ca9e0dd21840283782c61c70b-160	VMTS13.09.143	0	45	0
6	1351416135-a043c86ca9e0dd21840283782c61c70b-362	VMTS13.09.046	171	196	0
6	1351416135-a043c86ca9e0dd21840283782c61c70b-362	VMTS13.09.048	94	126	0
6	1351416135-a043c86ca9e0dd21840283782c61c70b-362	VMTS13.09.068	142	153	0
6	1351420088-d59a84cffb0e37b8a084b384306fd804-0	VMTS13.09.068	51	68	0
6	1351422597-ad39253b433d45e4c565a47d472f96ff-0	VMTS13.09.098	0	42	0
6	1351424278-c13b5a39795831f69424aeff1feb8903-0	VMTS13.09.068	51	68	0
6	1351431552-ad0f3a008b1fe99a17c8f10db8a2a756-0	VMTS13.09.101	0	70	0
6	1351431789-8e3c00467c7dd4f33b82f793f5e5eeef-0	VMTS13.09.101	0	51	0
6	1351432345-2f26d3d450cbbd4194e4615d961b9a0a-14	VMTS13.09.132	0	90	0
6	1351432379-cc56f6e5846292f267b442176dc5a7ec-12	VMTS13.09.132	0	90	0
6	1351434886-2ed610e02624919815d0521aae5e0538-11	VMTS13.09.132	0	90	0
6	1351435415-56b825d91e08a87f24ddfe5f187d10aa-16	VMTS13.09.132	0	90	0
6	1351435923-2a0bd00876fa7add776d03bcf0f76df8-5	VMTS13.09.039	0	180	0
6	1351435923-2a0bd00876fa7add776d03bcf0f76df8-5	VMTS13.09.121	0	112	0
6	1351436592-c481e5a36407c784ce6707edf877dd0f-9	VMTS13.09.038	92	290	0
6	1351437800-380ffde0f3be00742b2d3fdeb53e021b-16	VMTS13.09.038	0	216	0
6	1351437800-380ffde0f3be00742b2d3fdeb53e021b-7	VMTS13.09.039	0	180	0
6	1351437800-380ffde0f3be00742b2d3fdeb53e021b-7	VMTS13.09.121	0	112	0
6	1351440149-eaf9bf6f51813c6f5c954d32b07d5fa7-9	VMTS13.09.039	35	162	0
6	1351440149-eaf9bf6f51813c6f5c954d32b07d5fa7-9	VMTS13.09.040	35	162	0
6	1351441939-cfa717d21d636e7b6e2528e711b96ada-19	VMTS13.09.042	22	49	0
6	1351441939-cfa717d21d636e7b6e2528e711b96ada-19	VMTS13.09.049	77	125	0
6	1351442087-ecc5e78b1507ceb1c7474c40a192ee59-14	VMTS13.09.042	25	52	0
6	1351442087-ecc5e78b1507ceb1c7474c40a192ee59-14	VMTS13.09.049	80	128	0
6	1351443843-bdb47b5b844d5fc76fe7e47d6c8233e0-5	VMTS13.09.038	126	223	0
6	1351446392-4e131819746fcd76c40b5f6cba95ca95-7	VMTS13.09.038	131	230	0
6	1351447358-49109c78ce1ea1a273d2aa35573b25f1-4	VMTS13.09.102	0	156	0
6	1351449218-b31cea103425ed934e3e027644dc54ea-18	VMTS13.09.102	0	90	0
6	1351449218-b31cea103425ed934e3e027644dc54ea-19	VMTS13.09.102	0	243	0
6	1351449956-5e25436ea646ccb5c6c2f97cc0bbded0-38	VMTS13.09.459	101	181	0
6	1351452800-1d3887cbe19ae17a974d44be8ed95bc5-0	VMTS13.09.160	17	34	0
6	1351452800-1d3887cbe19ae17a974d44be8ed95bc5-21	VMTS13.09.102	0	121	0
6	1351453467-bebcb91ebbb952c1eef0506b17a86a47-0	VMTS13.09.160	17	34	0
6	1351453467-bebcb91ebbb952c1eef0506b17a86a47-10	VMTS13.09.034	22	33	0
6	1351453467-bebcb91ebbb952c1eef0506b17a86a47-13	VMTS13.09.034	14	37	0
6	1351453467-bebcb91ebbb952c1eef0506b17a86a47-13	VMTS13.09.095	201	259	0
6	1351453467-bebcb91ebbb952c1eef0506b17a86a47-13	VMTS13.09.131	201	237	0
6	1351453467-bebcb91ebbb952c1eef0506b17a86a47-13	VMTS13.09.362	313	325	0
6	1351453467-bebcb91ebbb952c1eef0506b17a86a47-22	VMTS13.09.377	0	137	0
6	1351453467-bebcb91ebbb952c1eef0506b17a86a47-7	VMTS13.09.160	46	173	0
6	1351454194-f66d7df0df37bda8081a0f23b24685e6-43	VMTS13.09.020	124	144	0
6	1351455790-19cccfe1299522ee83cdbafa431be2a4-5	VMTS13.09.203	0	169	0
6	1351455965-71bc93c2ec9f8df4692e8e4a66345eaa-52	VMTS13.09.020	132	151	0
6	1351456066-c3188e82881df02432ac44f2ae77d170-3	VMTS13.09.219	26	81	0
6	1351456066-c3188e82881df02432ac44f2ae77d170-8	VMTS13.09.132	0	100	0
6	1351458058-a620d6e694173ce477a60acdc15386b0-15	VMTS13.09.219	0	61	0
6	1351458058-a620d6e694173ce477a60acdc15386b0-35	VMTS13.09.075	85	131	0
6	1351458058-a620d6e694173ce477a60acdc15386b0-35	VMTS13.09.098	45	131	0
6	1351461842-e6c082d9dee695b2f45b44b43afeec8c-14	VMTS13.09.219	0	168	0
6	1351467279-0ea91f6b1b15130df1938eabf1905583-37	VMTS13.09.160	80	217	0
6	1351469649-7d179bb4fb6d347bec8a18d40adaa5a8-20	VMTS13.09.131	101	126	0
6	1351470153-5a579af92ca894ba159e2e0954e44c4f-9	VMTS13.09.205	45	101	0
6	1351470939-ad600a9617384b0a2c35b821afbf4684-19	VMTS13.09.131	101	126	0
6	1351470939-ad600a9617384b0a2c35b821afbf4684-9	VMTS13.09.205	45	101	0
6	1351471648-8146787ce54f8283a163a63aade73798-0	VMTS13.09.475	0	40	0
6	1351471761-2bdd3ace6cbb6d5802eb1bc604893c7c-17	VMTS13.09.205	45	101	0
6	1351474292-945e572ba2f4b830d04e42592d47545d-0	VMTS13.09.235	0	57	0
6	1351478424-71cde54b7ac64d40765795aa6d1230fc-19	VMTS13.09.038	0	158	0
6	1351479118-502198869800ba2c53b1a64a627cbe4a-6	VMTS13.09.219	37	100	0
6	1351479707-4a98beb90f85a104744a8311ae796022-16	VMTS13.09.219	32	95	0
6	1351479947-f5d9dcff8989c151e1a88430e82eef59-1	VMTS13.09.203	0	28	0
6	1351480069-2ec50fe5efacefaadedbcc170bac7850-49	VMTS13.09.122	0	123	0
6	1351481082-049ad4b57694cf778ce3bd529ad8f66a-0	VMTS13.09.122	0	43	0
6	1351487712-05070c6b82e1115acd96ef356ccfcd77-15	VMTS13.09.219	0	86	0
6	1351492536-8067d42351344b33628a41423680b064-8	VMTS13.09.038	131	295	0
6	1351494368-0e29c6ef3f1bb6ee20aee2f5c0115320-16	VMTS13.09.151	0	68	0
6	1351494378-bfe53bbd2136a1c37c8f6516d03685c3-6	VMTS13.09.144	34	103	0
6	1351494518-b7a4a6d898502d2056b29236ecf3272b-4	VMTS13.09.235	0	78	0
6	1351494518-b7a4a6d898502d2056b29236ecf3272b-60	VMTS13.09.151	47	140	0
6	1351495963-d3aaedf68422f371cbcd76e67c627ca6-16	VMTS13.09.116	101	151	0
6	1351496485-f471281183074a028620186deb850076-10	VMTS13.09.116	101	151	0
6	1351497582-67f435521f92274fbf25f2a5e5324b28-3	VMTS13.09.143	19	78	0
6	1351504170-bf938591a079bd814dbf8df49cc33920-27	VMTS13.09.122	32	100	0
6	1351506974-3328479335f1ca861b4c9a477b813d42-0	VMTS13.09.219	0	48	0
6	1351508490-506a1286faf7f5d0f4393d0b66b3d603-1	VMTS13.09.156	0	154	0
6	1351508715-e53f4b539a1c8bbb170b86243707386a-5	VMTS13.09.048	84	139	0
6	1351508715-e53f4b539a1c8bbb170b86243707386a-5	VMTS13.09.219	29	77	0
6	1351509753-5acf4714f5588f790831414d6c600098-71	VMTS13.09.144	88	194	0
6	1351510579-184a69d65161154a7b7d9c98ff576caf-3	VMTS13.09.143	0	58	0
6	1351510699-de75b985a817dfb47155f429bf301dce-0	VMTS13.09.156	0	55	0
6	1351510752-5d5aa5d0ca5615397ba800e874bb5193-0	VMTS13.09.156	0	55	0
6	1351511670-e78ac1df6dc26ef520902497c70ab017-7	VMTS13.09.143	0	58	0
6	1351511891-d0cfdc56f5bb401c99508f9f9adef83d-3	VMTS13.09.143	0	58	0
6	1351513732-9b8b3ef698ffd980b0d0c162c10ccc24-3	VMTS13.09.143	0	116	0
6	1351515207-97ad16022e7377c581faf25935a7dc24-6	VMTS13.09.156	37	136	0
6	1351518049-747865c3666781a70d9575d1c8d761f5-9	VMTS13.09.122	30	103	0
6	1351518836-f3a4d6d60000b25f165f22f098e4da85-0	VMTS13.09.034	1	13	0
6	1351520621-ac6357ab17e975f08a122a8433ee4056-69	VMTS13.09.121	115	148	0
6	1351520621-ac6357ab17e975f08a122a8433ee4056-69	VMTS13.09.185	46	90	0
6	1351520621-ac6357ab17e975f08a122a8433ee4056-69	VMTS13.09.205	46	82	0
6	1351520621-ac6357ab17e975f08a122a8433ee4056-69	VMTS13.09.219	46	113	0
6	1351520777-09782096af7caf87c2a1771fe9c31ed9-23	VMTS13.09.122	101	138	0
6	1351521471-1d07f3648bd80ba9e8bdd28665c988ef-0	VMTS13.09.098	0	59	0
6	1351522300-66b4bb67f2c20aa3292135044603e3e6-8	VMTS13.09.145	0	43	0
6	1351523852-f8a76fdbaefc0e34aa1f439080941b59-15	VMTS13.09.039	86	184	0
6	1351523852-f8a76fdbaefc0e34aa1f439080941b59-15	VMTS13.09.040	86	184	0
6	1351524346-e9b7db64d7aaf998ac78cf3e4a1b765e-13	VMTS13.09.219	14	100	0
6	1351525689-97cad00c065cf76f8ef3f89c811d4c64-20	VMTS13.09.098	0	79	0
6	1351526230-bf665b8d749cae7ad13cf175b49457ee-5	VMTS13.09.185	113	163	0
6	1351526275-e1c917648024d4e73d0cca836a39d571-5	VMTS13.09.185	58	108	0
6	1351526878-1b3b046aab9fa6849ed7d01e5d405c72-13	VMTS13.09.219	14	100	0
6	1351526947-4eb30996e2b8599f4bbd7e652b3e2340-3	VMTS13.09.143	94	157	0
6	1351527454-2e1d19eca41b807b6388b46117c7e7af-0	VMTS13.09.185	0	44	0
6	1351529397-9cb623e36730bd2ae8196f52bf2bb76c-0	VMTS13.09.178	0	60	0
6	1351529683-216d7e34868ac0b2a00f6856f29e24f2-17	VMTS13.09.121	60	88	0
6	1351530073-5fefe1e3aed2b4a6d25a91b6a271a60d-12	VMTS13.09.113	0	170	0
6	1351530499-d5e450770230c05342b88649ab874307-36	VMTS13.09.075	199	246	0
6	1351530499-d5e450770230c05342b88649ab874307-36	VMTS13.09.098	199	246	0
6	1351530499-d5e450770230c05342b88649ab874307-36	VMTS13.09.460	102	174	0
6	1351531376-9c98f72f56bb30972ce0362c2d61e554-5	VMTS13.09.042	0	29	0
6	1351531497-f37cc998e3f9b7cb0250ad3fcd4d015b-150	VMTS13.09.042	0	29	0
6	1351532086-695762fbc08543ff3594c0843ad33175-32	VMTS13.09.171	0	77	0
6	1351539044-7af084b05501b5f8b7841e17be60f935-11	VMTS13.09.172	152	212	0
6	1351539659-8137a834abee47e03fbd0cd99c693467-2	VMTS13.09.219	0	60	0
6	1351539659-8137a834abee47e03fbd0cd99c693467-54	VMTS13.09.219	0	60	0
6	1351541402-82e6539deac11c88cc24e68c50d3a292-3	VMTS13.09.204	0	39	0
6	1351541543-de0e7f8661226a3c9bacbe6e99712444-46	VMTS13.09.143	23	118	0
6	1351542524-69fb24f3543c2a5e981d9e8d95bc6031-59	VMTS13.09.143	49	88	0
6	1351542701-dcdccafc53895033c3c6ccd7839f625c-25	VMTS13.09.143	23	118	0
6	1351542989-a888638861e721b04f01e3b230c28c9f-0	VMTS13.09.235	0	39	0
6	1351545643-b596379a314e498b3e5b949c805a42c6-205	VMTS13.09.279	145	192	0
6	1351548521-5c8c7701ff7fcd28f7bde9348b8565e8-1	VMTS13.09.153	0	164	0
6	1351548521-5c8c7701ff7fcd28f7bde9348b8565e8-1	VMTS13.09.156	78	113	0
6	1351549717-a54971b1c3e988d257791212018d8ea3-20	VMTS13.09.236	64	84	0
6	1351550227-6a4ae4d98bf797291509ce0a3ae63154-8	VMTS13.09.236	40	62	0
6	1351551155-6fa868e5cacbf8e015e75523d351f2a4-9	VMTS13.09.236	47	70	0
6	1351551361-8f0e0847ae81f16ae2008bed209bcfd4-0	VMTS13.09.143	0	54	0
6	1351551361-8f0e0847ae81f16ae2008bed209bcfd4-19	VMTS13.09.236	48	71	0
6	1351552303-60792b36128c02bf8a67347e546ac130-16	VMTS13.09.236	40	62	0
6	1351552378-536fd212a2f829fb323baec91115e4b3-16	VMTS13.09.236	47	70	0
6	1351553136-71b9a10958301f53a7c6b3af74197b44-83	VMTS13.09.235	0	38	0
6	1351553328-85da7bfe9ee92d67ebe0c0bfaff52585-153	VMTS13.09.279	145	192	0
6	1351553328-85da7bfe9ee92d67ebe0c0bfaff52585-47	VMTS13.09.034	98	126	0
6	1351553352-cc964ede1f84d2e489fab85e63f031bc-24	VMTS13.09.236	55	84	0
6	1351554363-290be5aec4f03056e71f33e5355271c3-0	VMTS13.09.219	0	45	0
6	1351555169-a92bee32a73c17095303403280beadc4-6	VMTS13.09.235	37	93	0
6	1351557640-f5a9e472fc7356eab607550be76532d6-28	VMTS13.09.206	0	113	0
6	1351557640-f5a9e472fc7356eab607550be76532d6-55	VMTS13.09.235	53	133	0
6	1351557640-f5a9e472fc7356eab607550be76532d6-8	VMTS13.09.219	0	67	0
6	1351558947-3e29575473f3be7e6c10a4cdfefa2979-17	VMTS13.09.170	0	45	0
6	1351561264-c6bbf6e64c8b2a2af03b878b7a669d15-1	VMTS13.09.211	114	176	0
6	1351561264-c6bbf6e64c8b2a2af03b878b7a669d15-1	VMTS13.09.235	40	89	0
6	1351562362-055311cbb3e410353021c1e71b85c04f-27	VMTS13.09.153	0	164	0
6	1351567752-1bdd210272ebb1788f37ae10b90166fd-20	VMTS13.09.056	0	54	0
6	1351567752-1bdd210272ebb1788f37ae10b90166fd-20	VMTS13.09.319	60	161	0
6	1351567752-1bdd210272ebb1788f37ae10b90166fd-26	VMTS13.09.238	0	47	0
6	1351567752-1bdd210272ebb1788f37ae10b90166fd-26	VMTS13.09.370	35	144	0
6	1351567772-ee4fe314a93a972a0fc4c3280dd3b3e3-22	VMTS13.09.238	0	47	0
6	1351567772-ee4fe314a93a972a0fc4c3280dd3b3e3-22	VMTS13.09.370	35	158	0
6	1351570520-a949c34b0c23a64825762c218398d54e-16	VMTS13.09.236	88	111	0
6	1351570520-a949c34b0c23a64825762c218398d54e-16	VMTS13.09.238	195	242	0
6	1351576868-441dffbdc30ef76c7daced6e94f9bd3b-27	VMTS13.09.153	0	76	0
6	1351576868-441dffbdc30ef76c7daced6e94f9bd3b-44	VMTS13.09.168	0	109	0
6	1351576869-faab847a8cb8f3fb55ea7a5bde8907a6-211	VMTS13.09.121	124	150	0
6	1351576869-faab847a8cb8f3fb55ea7a5bde8907a6-83	VMTS13.09.143	49	88	0
6	1351584733-734670fd65f62fe5e2825c5ad5cdb3e7-0	VMTS13.09.168	0	35	0
6	1351584733-734670fd65f62fe5e2825c5ad5cdb3e7-0	VMTS13.09.426	63	77	0
6	1351588371-476c672facc4d0f4c3cce5a1175debf5-0	VMTS13.09.168	0	41	0
6	1351588371-476c672facc4d0f4c3cce5a1175debf5-0	VMTS13.09.426	65	79	0
6	1351600489-ec7d9e07f364d966eceb414a63a548e8-24	VMTS13.09.238	0	69	0
6	1351601806-c5c921093960c0223e028910cfe57880-3	VMTS13.09.010	0	59	0
6	1351602318-0d96ad58d07dd9b7c387156abe3541bf-15	VMTS13.09.254	145	212	0
6	1351602553-acc221f4b4088838d4cccd8b4656323d-22	VMTS13.09.394	22	78	0
6	1351603814-5fe14517e21633bcb19e98373d68418e-9	VMTS13.09.394	22	78	0
6	1351604511-58b6a66eabb653e3d6dbea41afda67c3-11	VMTS13.09.254	72	146	0
6	1351605068-519806a1e21d244547ea8518bfd5be21-5	VMTS13.09.056	127	212	0
6	1351605068-519806a1e21d244547ea8518bfd5be21-5	VMTS13.09.255	252	304	0
6	1351605068-519806a1e21d244547ea8518bfd5be21-5	VMTS13.09.288	214	246	0
6	1351609330-84c0fe01c73f87a0fe5797c97e0615b7-437	VMTS13.09.192	157	177	0
6	1351610791-65f724aed582990d3cd7eafcc9eb6791-0	VMTS13.09.056	9	72	0
6	1351610791-65f724aed582990d3cd7eafcc9eb6791-7	VMTS13.09.056	34	121	0
6	1351610956-736c53882bd162f194124b7de6f3bca8-22	VMTS13.09.168	105	156	0
6	1351610956-736c53882bd162f194124b7de6f3bca8-22	VMTS13.09.426	51	114	0
6	1351611111-24d8b1dc5802992eb51d6829e829e5f5-28	VMTS13.09.010	150	176	0
6	1351611111-24d8b1dc5802992eb51d6829e829e5f5-28	VMTS13.09.056	91	144	0
6	1351611111-24d8b1dc5802992eb51d6829e829e5f5-60	VMTS13.09.010	150	176	0
6	1351611111-24d8b1dc5802992eb51d6829e829e5f5-60	VMTS13.09.056	91	144	0
6	1351611111-24d8b1dc5802992eb51d6829e829e5f5-86	VMTS13.09.056	91	144	0
6	1351611111-24d8b1dc5802992eb51d6829e829e5f5-86	VMTS13.09.311	150	176	0
6	1351612433-cebab65869121a61ff251d75b530f2bc-0	VMTS13.09.056	0	62	0
6	1351612803-6cf9c0a6ebce2841b60e28008e3e0da8-0	VMTS13.09.349	9	62	0
6	1351612862-f22cf002f9c8253f5bed1ca9b8d92961-33	VMTS13.09.073	93	102	0
6	1351612862-f22cf002f9c8253f5bed1ca9b8d92961-40	VMTS13.09.073	87	96	0
6	1351612862-f22cf002f9c8253f5bed1ca9b8d92961-41	VMTS13.09.073	87	96	0
6	1351613225-c266c5963795b866507d6ba2c9a4556c-94	VMTS13.09.010	85	111	0
6	1351613225-c266c5963795b866507d6ba2c9a4556c-94	VMTS13.09.056	137	190	0
6	1351613225-c266c5963795b866507d6ba2c9a4556c-96	VMTS13.09.010	43	69	0
6	1351613225-c266c5963795b866507d6ba2c9a4556c-96	VMTS13.09.056	95	148	0
6	1351615815-2b6e478eb84b932c66c9a3d7b685a5a0-3	VMTS13.09.329	0	135	0
6	1351617558-e9d387399a5b9389f833a43ab92bf10a-0	VMTS13.09.329	0	93	0
6	1351619916-2b03ac5d4a8884643fee50ee5e939f98-37	VMTS13.09.382	46	136	0
6	1351620853-a2695a11f09463d16e4c347cd86495ce-37	VMTS13.09.382	46	136	0
6	1351620853-a2695a11f09463d16e4c347cd86495ce-9	VMTS13.09.056	174	207	0
6	1351620853-a2695a11f09463d16e4c347cd86495ce-9	VMTS13.09.235	107	133	0
6	1351622434-80af5450d12a0131e5cca5768b4b93c5-0	VMTS13.09.349	0	55	0
6	1351626665-1288e6b17059ae5204623178457051aa-2	VMTS13.09.056	82	131	0
6	1351626665-1288e6b17059ae5204623178457051aa-2	VMTS13.09.475	137	209	0
6	1351626665-1288e6b17059ae5204623178457051aa-69	VMTS13.09.211	0	71	0
6	1351627934-022abc0dff0328c98e5d22e78234765b-7	VMTS13.09.075	138	215	0
6	1351632081-e96f9575b56ceb8f58ae557d39927440-2	VMTS13.09.056	82	115	0
6	1351632081-e96f9575b56ceb8f58ae557d39927440-2	VMTS13.09.235	15	41	0
6	1351632766-1b6723a430e4be08943efd0f48d7e09e-33	VMTS13.09.349	64	159	0
6	1351632904-f2fcd93a3aed92c54597847a3b30ad71-119	VMTS13.09.056	48	69	0
6	1351634287-f452e0b0221c8295eb20d5120c9c0a68-2	VMTS13.09.349	54	149	0
6	1351636380-7940f2a989a063a7493f74a558020e5e-8	VMTS13.09.168	0	86	0
6	1351640729-bdf26b2d3237319862d107c72e4a5655-0	VMTS13.09.291	0	40	0
6	1351641028-4ba08442cb211f646cdecbda70a7cd4a-14	VMTS13.09.370	132	260	0
6	1351641094-e6acbc21b477a94fd5b381c71c0ac655-3	VMTS13.09.255	0	201	0
6	1351643225-9262572a529475745872f99ab8a0eb47-2	VMTS13.09.349	26	94	0
6	1351648450-793da09b62933fa8bab82713e0a67028-11	VMTS13.09.288	0	38	0
6	1351682136-be94f8346eb9a1accd2e98158acd13a8-0	VMTS13.09.393	0	41	0
6	1351690594-1eae81e00415d68adc0d5aaa7927bed6-0	VMTS13.09.329	0	90	0
6	1351696731-a964ddc06351309226c15750862e3c74-22	VMTS13.09.393	130	168	0
6	1351698821-9a22a2e51931038cd7d86714425abe42-1	VMTS13.09.288	33	108	0
6	1351710862-7ff75b8f32e1ad9ac4aa77ad4fa5d181-27	VMTS13.09.492	17	129	0
6	1351719875-be794e3fc80345359466a1d69aa9ba53-22	VMTS13.09.492	0	141	0
6	1351719875-be794e3fc80345359466a1d69aa9ba53-66	VMTS13.09.492	40	147	0
6	1351719875-be794e3fc80345359466a1d69aa9ba53-69	VMTS13.09.329	0	44	0
6	1351723100-81635fc5e4fe24e57bef65e4d35d38fe-25	VMTS13.09.060	0	176	0
6	1351730676-669414677f405ea16b124f1ed33df332-67	VMTS13.09.492	17	129	0
6	1351738229-a1718e6a678bffc3768f9f2300b17166-23	VMTS13.09.329	0	97	0
6	1351741605-e09f590163570b749d36a38282080d9f-20	VMTS13.09.492	33	147	0
6	1351741605-e09f590163570b749d36a38282080d9f-3	VMTS13.09.084	0	77	0
6	1351741605-e09f590163570b749d36a38282080d9f-3	VMTS13.09.382	83	163	0
6	1351785533-0b3116acb7557a02617b061c63d9fc34-18	VMTS13.09.288	62	82	0
6	1351787085-28f5bda7c50b117270f3fe3667cc157a-156	VMTS13.09.056	32	81	0
6	1351801106-bc16ce49d50e6c792bc393fb66e18639-10	VMTS13.09.425	114	166	0
6	1351814401-66fa38ee079b9a7e6711a8e0c6fa4225-10	VMTS13.09.346	0	80	0
6	1351838241-9a20f4d73f4a57fed850f5cb37beffc7-0	VMTS13.09.010	0	89	0
6	1351861681-e69f51835b22c3a4fa8079c13904bafa-52	VMTS13.09.492	0	141	0
6	1351871963-559ccd4fc733e3e98876f1b7ecea7162-5	VMTS13.09.397	60	123	0
6	1351872281-31e67bc33edff50c3f8435d70aa947f1-1	VMTS13.09.056	48	107	0
6	1351873388-923ea52609101c50517de65eac93a16c-41	VMTS13.09.394	0	87	0
6	1351873388-923ea52609101c50517de65eac93a16c-42	VMTS13.09.101	41	85	0
6	1351874371-65c689c0a295a34d6e9ba58425883e6f-32	VMTS13.09.394	0	87	0
6	1351874371-65c689c0a295a34d6e9ba58425883e6f-33	VMTS13.09.101	41	85	0
6	1351890290-d76e893ed25ef03a830e5b215ce9b048-34	VMTS13.09.492	0	141	0
6	1351895687-2abcb1f94084b277a803254577147441-69	VMTS13.09.319	66	183	0
6	1351943224-a5ced8ced3eaf8e6a2269c77c5819762-10	VMTS13.09.238	0	39	0
8	1354437298-65afcf35cc0816421f1ff26dc0ef4090-1	VMTS13.12.031	0	66	0
8	1354442803-6bcd671cfc818a4c00e441f0f7e7953c-2	VMTS13.12.030	0	58	0
8	1354442803-6bcd671cfc818a4c00e441f0f7e7953c-2	VMTS13.12.038	81	100	0
8	1354458640-386c59324597327f5c8f51829599eb81-4	VMTS13.12.031	0	237	0
8	1354521345-3f4a5b6531d2bc4034826a2a4b6ad632-8	VMTS13.12.030	0	73	0
8	1354542196-0fb82ae9015913d2b6181c31397992cd-3	VMTS13.12.034	0	82	0
8	1354582747-683bfdedf2130e26557a8b9dc67f1c01-4	VMTS13.12.040	31	110	0
8	1354585096-4fa430c7cad4a807c8300dc7f5983154-0	VMTS13.12.040	0	37	0
8	1354585096-4fa430c7cad4a807c8300dc7f5983154-2	VMTS13.12.040	24	61	0
8	1354585096-4fa430c7cad4a807c8300dc7f5983154-5	VMTS13.12.040	31	90	0
8	1354589678-c7c112beda58704b887d0e48f2245ed6-0	VMTS13.12.040	0	37	0
8	1354591511-43be9f9e78cef2ccf207acdcfbde1c2a-0	VMTS13.12.040	0	37	0
8	1354591511-43be9f9e78cef2ccf207acdcfbde1c2a-8	VMTS13.12.040	70	117	0
8	1354596050-9af665f3876b3244508574b8d670fd3c-12	VMTS13.12.033	0	15	0
8	1354596050-9af665f3876b3244508574b8d670fd3c-12	VMTS13.12.038	91	136	0
8	1354596050-9af665f3876b3244508574b8d670fd3c-12	VMTS13.12.040	138	174	0
8	1354596050-9af665f3876b3244508574b8d670fd3c-15	VMTS13.12.033	147	191	0
8	1354596050-9af665f3876b3244508574b8d670fd3c-15	VMTS13.12.038	47	92	0
8	1354596050-9af665f3876b3244508574b8d670fd3c-15	VMTS13.12.040	94	130	0
8	1354598097-5234f9f39668367da042943ef1703bc1-0	VMTS13.12.040	0	37	0
8	1354598678-bbcda9538948d34e7e8e2077f8b7f45b-0	VMTS13.12.040	0	37	0
8	1354604662-a896373a1abc7826e57ca87620a08e56-0	VMTS13.12.040	0	32	0
8	1354604772-df18a56ca563328a42fc76117475a59c-17	VMTS13.12.033	113	178	0
8	1354604772-df18a56ca563328a42fc76117475a59c-17	VMTS13.12.040	0	65	0
8	1354604772-df18a56ca563328a42fc76117475a59c-18	VMTS13.12.066	201	272	0
8	1354612926-fe162c26c8dc2bf298c0f236106194b5-24	VMTS13.12.039	0	202	0
8	1354613765-197f9c6f6c0923e7e0ee5de4a05043b8-25	VMTS13.12.039	0	153	0
8	1354613765-197f9c6f6c0923e7e0ee5de4a05043b8-5	VMTS13.12.059	62	98	0
8	1354613765-197f9c6f6c0923e7e0ee5de4a05043b8-5	VMTS13.12.106	106	156	0
8	1354620463-65fdd2dc4908f0698fe15ce4cbccd846-15	VMTS13.12.090	94	151	0
8	1354621898-0703094550b25c9934e1ae26e9f86843-9	VMTS13.12.106	0	42	0
8	1354622568-e5afc3589d4e165f1d1e003b687b177c-4	VMTS13.12.040	0	57	0
8	1354623353-4357155c3b7cf8351721dab833408277-2	VMTS13.12.106	0	42	0
8	1354625896-fe162c26c8dc2bf298c0f236106194b5-0	VMTS13.12.040	0	30	0
8	1354625896-fe162c26c8dc2bf298c0f236106194b5-3	VMTS13.12.040	0	57	0
8	1354625896-fe162c26c8dc2bf298c0f236106194b5-4	VMTS13.12.040	0	48	0
8	1354625896-fe162c26c8dc2bf298c0f236106194b5-4	VMTS13.12.059	66	95	0
8	1354625896-fe162c26c8dc2bf298c0f236106194b5-4	VMTS13.12.106	100	153	0
8	1354629270-1b48498a989f7945e365c2d51e856d38-7	VMTS13.12.106	0	84	0
8	1354641763-5bf8511ee68e40118c7b41894958ec7f-10	VMTS13.12.053	164	241	0
8	1354641763-5bf8511ee68e40118c7b41894958ec7f-14	VMTS13.12.053	147	224	0
8	1354641763-5bf8511ee68e40118c7b41894958ec7f-26	VMTS13.12.053	135	210	0
8	1354641763-5bf8511ee68e40118c7b41894958ec7f-28	VMTS13.12.053	135	210	0
8	1354641763-5bf8511ee68e40118c7b41894958ec7f-30	VMTS13.12.053	132	207	0
8	1354672654-a0b755b9c423c4ccae61b196eca89630-24	VMTS13.12.053	135	210	0
8	1354672654-a0b755b9c423c4ccae61b196eca89630-28	VMTS13.12.053	132	207	0
8	1354676357-d3bdcb92cc23b0c66ffc4e2e5403bb6a-28	VMTS13.12.059	0	177	0
8	1354676357-d3bdcb92cc23b0c66ffc4e2e5403bb6a-28	VMTS13.12.106	117	177	0
8	1354679673-4bb6b7ed85006d31009f624c935e2375-12	VMTS13.12.053	87	147	0
8	1354691564-e2e15fd72203145ea1f25a7beb3445b7-3	VMTS13.12.047	31	130	0
8	1354691564-e2e15fd72203145ea1f25a7beb3445b7-3	VMTS13.12.048	0	110	0
8	1354691564-e2e15fd72203145ea1f25a7beb3445b7-3	VMTS13.12.079	56	110	0
8	1354694010-fb04699d874ef2000899e1ba5458d8ef-0	VMTS13.12.056	0	38	0
8	1354696583-755c4c4fd99f0e204ddebc0cbf381739-0	VMTS13.12.056	0	36	0
8	1354701346-0406f19060feb31c937a8bd4a4017d6c-0	VMTS13.12.058	0	37	0
8	1354701346-0406f19060feb31c937a8bd4a4017d6c-16	VMTS13.12.056	46	143	0
8	1354703002-7460ef6b69db0c8997a45c3b02343b09-0	VMTS13.12.056	0	71	0
8	1354703002-7460ef6b69db0c8997a45c3b02343b09-2	VMTS13.12.056	34	184	0
8	1354704068-83cdfafdffa7a3bab49cc3117ea3742c-0	VMTS13.12.056	0	55	0
8	1354706437-411db56aa587f5e05540f15b8539c48e-0	VMTS13.12.058	0	52	0
8	1354710648-dc71a8ad54bd043380af25382be0ad52-3	NEW	0	190	0
8	1354732469-61f2035bd3972dd3cbbe1c2115642cab-0	VMTS13.12.074	0	71	0
8	1354734047-6edd8298654a1413fd4b19bfdcac56e7-0	NEW	0	36	0
8	1354761109-235a11b7ea8640d0cb093f15adda98fa-0	VMTS13.12.076	0	46	0
8	1354761109-235a11b7ea8640d0cb093f15adda98fa-20	VMTS13.12.078	0	87	0
8	1354761850-48dfbe455ef2d64b19ff667e5577a19e-2	VMTS13.12.078	0	73	0
8	1354761850-48dfbe455ef2d64b19ff667e5577a19e-5	VMTS13.12.078	0	87	0
8	1354763224-48dfbe455ef2d64b19ff667e5577a19e-5	VMTS13.12.078	0	87	0
8	1354765060-fb04699d874ef2000899e1ba5458d8ef-0	VMTS13.12.076	0	42	0
8	1354765060-fb04699d874ef2000899e1ba5458d8ef-33	VMTS13.12.089	0	78	0
8	1354775450-025fca6caef12970835dbb01792c73a8-0	VMTS13.12.076	0	41	0
8	1354802259-38835b4e33b6560773c91f17611bea5a-3	VMTS13.12.067	0	279	0
8	1354872936-8bb36efc749b3ad514e7489e33dbae09-0	VMTS13.12.086	0	49	0
8	1354874464-64504975da5e78d4907cb91724550234-0	VMTS13.12.086	0	49	0
8	1354874464-64504975da5e78d4907cb91724550234-20	VMTS13.12.064	0	155	0
8	1354874464-64504975da5e78d4907cb91724550234-20	VMTS13.12.075	0	45	0
8	1354881973-ed45f63a848c6580a041034333b9a278-5	VMTS13.12.079	26	56	0
8	1354883553-0ca5543d12576027a373fb9cc88711d0-4	VMTS13.12.064	0	155	0
8	1354883553-0ca5543d12576027a373fb9cc88711d0-4	VMTS13.12.075	0	45	0
8	1354969842-52a2f0abe544cc6d846752d767703ee5-4	VMTS13.12.094	0	89	0
8	1354971940-28a1f2b61ed8001b0ae3a5d013b7c9e1-22	VMTS13.12.075	78	108	0
8	1354971940-28a1f2b61ed8001b0ae3a5d013b7c9e1-22	VMTS13.12.076	29	72	0
8	1354971940-28a1f2b61ed8001b0ae3a5d013b7c9e1-22	VMTS13.12.094	142	195	0
8	1354971940-28a1f2b61ed8001b0ae3a5d013b7c9e1-23	VMTS13.12.094	0	89	0
8	1355058977-8ddd0418b4df4ab53a178dfe518661cd-51	VMTS13.12.096	58	81	0
8	1355058977-8ddd0418b4df4ab53a178dfe518661cd-53	VMTS13.12.096	54	77	0
8	1355063370-e8149a2aae0f0de6466b038b5ca3f999-1	VMTS13.12.096	197	217	0
8	1355063370-e8149a2aae0f0de6466b038b5ca3f999-7	VMTS13.12.095	47	178	0
9	1352309460-70d5ada7fb022cd341076fdb7fe20695-0	VMTS13.14.004	13	60	0
9	1352309460-70d5ada7fb022cd341076fdb7fe20695-2	VMTS13.14.004	30	89	0
9	1352309460-70d5ada7fb022cd341076fdb7fe20695-2	VMTS13.14.010	117	178	0
9	1352310130-939dcefc87c07683baa700689e8cda07-0	VMTS13.14.004	14	46	0
9	1352310130-939dcefc87c07683baa700689e8cda07-0	VMTS13.14.013	0	18	0
9	1352310842-3cf30499cd34fa4aa9f7aea8f7b56ced-0	VMTS13.14.004	4	41	0
9	1352310842-3cf30499cd34fa4aa9f7aea8f7b56ced-0	VMTS13.14.013	0	13	0
9	1352310842-3cf30499cd34fa4aa9f7aea8f7b56ced-2	VMTS13.14.004	41	195	0
9	1352310842-3cf30499cd34fa4aa9f7aea8f7b56ced-2	VMTS13.14.013	27	50	0
9	1352310842-3cf30499cd34fa4aa9f7aea8f7b56ced-2	VMTS13.14.048	112	151	0
9	1352320081-76996da2d9ae2521990cbf953fb99873-16	VMTS13.14.004	9	60	0
9	1352320081-76996da2d9ae2521990cbf953fb99873-16	VMTS13.14.010	105	166	0
9	1352320536-f21a7df8ddc724adcc7a155ec7c7f4c8-0	VMTS13.14.013	0	23	0
9	1352324881-db3f2947412f3d64775ffe091c57719a-0	VMTS13.14.013	26	49	0
9	1352327642-3a2ee20999be5ab0a438d539d22132d6-1	VMTS13.14.004	34	85	0
9	1352327642-3a2ee20999be5ab0a438d539d22132d6-1	VMTS13.14.012	106	122	0
9	1352327642-3a2ee20999be5ab0a438d539d22132d6-1	VMTS13.14.013	20	43	0
9	1352327642-3a2ee20999be5ab0a438d539d22132d6-6	VMTS13.14.003	61	80	0
9	1352327642-3a2ee20999be5ab0a438d539d22132d6-6	VMTS13.14.004	16	59	0
9	1352327642-3a2ee20999be5ab0a438d539d22132d6-6	VMTS13.14.013	2	25	0
9	1352331413-8bcfdbcdb363e6cce369b4aaa093f45f-0	VMTS13.14.012	24	31	0
9	1352331413-8bcfdbcdb363e6cce369b4aaa093f45f-0	VMTS13.14.013	0	8	0
9	1352331413-8bcfdbcdb363e6cce369b4aaa093f45f-5	VMTS13.14.032	100	175	0
9	1352332874-ab3017def80c94709c650bea3819c149-0	VMTS13.14.012	21	39	0
9	1352332874-ab3017def80c94709c650bea3819c149-18	VMTS13.14.014	35	46	0
9	1352332874-ab3017def80c94709c650bea3819c149-18	VMTS13.14.032	54	140	0
9	1352334353-dc8c1aecb90a167b2003925debb393f8-67	VMTS13.14.032	7	88	0
9	1352335165-ba1afbc061be5b3908f89833e3d43e56-0	VMTS13.14.002	0	48	0
9	1352335165-ba1afbc061be5b3908f89833e3d43e56-0	VMTS13.14.012	0	48	0
9	1352336122-da2d1755c378649cd23546232425ef59-17	VMTS13.14.003	212	234	0
9	1352336122-da2d1755c378649cd23546232425ef59-17	VMTS13.14.013	152	175	0
9	1352336122-da2d1755c378649cd23546232425ef59-26	VMTS13.14.003	216	239	0
9	1352336122-da2d1755c378649cd23546232425ef59-26	VMTS13.14.013	166	179	0
9	1352336488-e51e2bcc65bf0e83d458b37b8014b1b3-38	VMTS13.14.032	0	88	0
9	1352338973-d7d814fb6fa6fa6613f9cbb05a31a5e2-0	VMTS13.14.012	32	48	0
9	1352341537-05f0871cf452047b1314eee7df47d973-0	VMTS13.14.015	31	49	0
9	1352341537-05f0871cf452047b1314eee7df47d973-20	VMTS13.14.003	221	244	0
9	1352341537-05f0871cf452047b1314eee7df47d973-20	VMTS13.14.013	161	184	0
9	1352341575-91039d7fbcfdfa6d510d09802d5fa371-18	VMTS13.14.003	221	244	0
9	1352341575-91039d7fbcfdfa6d510d09802d5fa371-18	VMTS13.14.013	161	184	0
9	1352341575-91039d7fbcfdfa6d510d09802d5fa371-44	VMTS13.14.003	228	251	0
9	1352341575-91039d7fbcfdfa6d510d09802d5fa371-44	VMTS13.14.013	163	186	0
9	1352351434-d7d814fb6fa6fa6613f9cbb05a31a5e2-0	VMTS13.14.015	32	48	0
9	1352355573-fe405af03103645fd87eb247eceb1c99-0	VMTS13.14.015	22	37	0
9	1352459570-4ee6bda3eec543eee32529ae88294ea1-13	VMTS13.14.013	159	172	0
9	1352532963-dd815fa710e521d33040d99aa68fc5fa-3	VMTS13.14.013	125	148	0
9	1352677844-9d240596fae31310d41f876d6f6ed816-19	VMTS13.14.028	91	106	0
9	1352678132-0d7250a98f792baad2440cdf5f444b82-6	VMTS13.14.006	129	158	0
9	1352678132-0d7250a98f792baad2440cdf5f444b82-6	VMTS13.14.028	106	123	0
9	1352678132-0d7250a98f792baad2440cdf5f444b82-6	VMTS13.14.032	51	104	0
9	1352680207-97dfcb5113348925821538f3b1fa61bc-8	VMTS13.14.013	61	84	0
9	1352680207-97dfcb5113348925821538f3b1fa61bc-8	VMTS13.14.028	91	106	0
9	1352681371-e80b8dced2bf9b8c4b4500b6c2b23152-21	VMTS13.14.006	129	158	0
9	1352681371-e80b8dced2bf9b8c4b4500b6c2b23152-21	VMTS13.14.028	106	123	0
9	1352681371-e80b8dced2bf9b8c4b4500b6c2b23152-21	VMTS13.14.032	51	104	0
9	1352681863-7d53eb4b39299067ea95d8b2bd80d23f-10	VMTS13.14.013	61	84	0
9	1352681863-7d53eb4b39299067ea95d8b2bd80d23f-10	VMTS13.14.028	91	106	0
9	1352767204-e3d5eeecc0ad820919259bfd9730a6ab-0	VMTS13.14.028	0	93	0
9	1352767961-7b03a5e90893c323eb0e2e75ccb116f1-7	VMTS13.14.032	0	53	0
9	1352767961-7b03a5e90893c323eb0e2e75ccb116f1-7	VMTS13.14.047	59	97	0
9	1352771753-859ff2d89b88a16eb03e362226d41b97-4	VMTS13.14.032	0	53	0
9	1352771753-859ff2d89b88a16eb03e362226d41b97-4	VMTS13.14.047	59	97	0
10	1353502345-13420157ef5dd4f4f55bca995f9d93b4-32	VMTS13.16.014	0	46	0
10	1353507336-e33b1ccf263cb35f720fe4010c5d6cf8-0	VMTS13.16.030	30	45	0
10	1353508013-38a3a2269b0549397772ecf136277c56-0	VMTS13.16.001	0	41	0
10	1353508013-38a3a2269b0549397772ecf136277c56-0	VMTS13.16.020	0	41	0
10	1353508481-cc7fd445c1d104d71c148de14836be68-0	VMTS13.16.022	0	38	0
10	1353516005-43c42ec68d75372a77b769a3f764e294-0	VMTS13.16.001	0	19	0
10	1353516005-43c42ec68d75372a77b769a3f764e294-0	VMTS13.16.030	21	50	0
10	1353516362-d7bbe5c02939f33d0f66b429580ea45c-0	VMTS13.16.001	0	17	0
10	1353516362-d7bbe5c02939f33d0f66b429580ea45c-0	VMTS13.16.030	19	43	0
10	1353517344-f1fe0fa0adf2f5bc1f54f40f369c2d2d-0	VMTS13.16.001	0	41	0
10	1353520749-5231c8cdd7bfd2ea02cd7bbdaf7cc379-0	VMTS13.16.020	0	41	0
10	1353619904-7bbbe4838e462f24371ebedb51cd1735-0	VMTS13.16.028	0	41	0
10	1353620277-4a6a4bc0f51411d709274fbb64538ee0-0	VMTS13.16.028	0	41	0
10	1353620277-4a6a4bc0f51411d709274fbb64538ee0-4	VMTS13.16.002	201	225	0
10	1353623326-44cc76dc985a7c58fa357e52fe2f79df-1	VMTS13.16.001	52	100	0
10	1353627643-34e919f29f7fae80c7c409322ef4f63f-0	VMTS13.16.028	0	39	0
10	1353629109-c99723b6ff3a69d46feabcad74890894-130	VMTS13.16.001	213	237	0
10	1353629109-c99723b6ff3a69d46feabcad74890894-130	VMTS13.16.024	141	195	0
10	1353629109-c99723b6ff3a69d46feabcad74890894-130	VMTS13.16.028	12	32	0
10	1353631621-628199fd0481b2f5798ce660ba33eb5b-0	VMTS13.16.028	0	46	0
10	1353631991-7186acf5af053562bad1e2ed9c5d5e5b-0	VMTS13.16.028	0	46	0
10	1353634314-c4ac1c0c77da209534ddffbdc221bd91-0	VMTS13.16.028	0	39	0
10	1353642264-88b484f8c851ffd3b2fc42192f5e06ce-5	VMTS13.16.022	26	49	0
10	1353642264-88b484f8c851ffd3b2fc42192f5e06ce-5	VMTS13.16.029	55	81	0
10	1353647493-1d57ccfb7c2422ea49d65fa5ca3ba24b-0	VMTS13.16.001	31	50	0
10	1353647493-1d57ccfb7c2422ea49d65fa5ca3ba24b-0	VMTS13.16.023	0	24	0
10	1353667241-9dd85a131756df0bd3d7f18476a29be1-0	VMTS13.16.001	31	46	0
10	1353667241-9dd85a131756df0bd3d7f18476a29be1-0	VMTS13.16.028	0	22	0
